cluster,1,2,3,4,5,6,7,8,9,10,11,12,13,14,15,16,17,18,19,20,21,22,23,24
-1,,,,,,,,,,,,,,,,,,,,,,,,
1,1017.0,588.0,433.5,559.5,742.5,1246.5,2190.0,3144.5,3386.5,3951.5,4064.0,4398.5,4787.0,4938.5,5319.5,5438.5,5545.0,5598.5,5486.5,4712.5,3742.5,2950.0,2616.0,2229.5
2,825.0,542.0,463.5,613.0,882.5,1453.0,3205.5,4999.0,5014.5,4942.5,5025.0,5249.5,5283.5,5179.0,5342.0,5326.5,5364.5,4575.0,3095.5,2246.0,1473.0,1110.5,899.5,800.0
3,1161.6666666666667,777.3333333333334,699.6666666666666,863.0,1608.0,2788.0,4024.6666666666665,5201.0,4914.333333333333,4882.666666666667,4940.333333333333,4873.333333333333,4768.0,4871.666666666667,5057.0,5095.666666666667,4811.333333333333,3769.6666666666665,3104.0,2250.0,1627.0,1118.6666666666667,904.0,873.0
4,834.0,600.0,568.0,761.0,1258.0,2354.0,3702.0,5593.0,5102.0,5052.0,5088.0,4949.0,4794.0,4676.0,4792.0,4690.0,4434.0,3181.0,2469.0,1854.0,1377.0,1017.0,889.0,715.0
5,718.5,510.5,446.0,559.5,803.0,1487.5,3088.0,4953.5,4774.5,4875.5,5285.5,5509.0,5281.5,5238.5,4814.5,4197.0,3061.0,2865.0,2828.0,1917.0,1370.0,980.5,772.0,691.5
6,603.0,405.0,337.0,429.0,700.0,1275.0,2437.0,4275.0,4938.0,5104.0,5337.0,5418.0,5376.0,5338.0,5070.0,4832.0,3226.0,2642.0,2214.0,1602.0,1242.0,901.0,823.0,804.0
7,690.0,500.0,369.5,479.5,718.5,1292.5,2637.0,3848.0,3944.0,4371.5,5066.5,4944.0,4808.5,5070.0,5006.5,3633.5,2811.5,2693.5,2448.5,1748.5,1239.0,921.0,780.0,653.5
8,775.0,486.0,421.0,458.0,620.0,993.0,2187.0,3936.0,3853.0,3957.0,4629.0,4598.0,4436.0,4133.0,3743.0,3197.0,2772.0,2555.0,2271.0,1991.0,1448.0,993.0,789.0,790.0
9,1305.0,868.0,717.75,698.25,853.0,1216.75,1936.5,2742.5,3673.0,4341.5,4886.25,4956.25,4634.25,4038.25,3625.5,3267.5,2754.5,2437.0,2117.25,1661.0,1266.5,962.75,875.0,828.0
10,812.0,598.0,517.0,558.0,812.0,1216.0,1732.0,2318.0,3608.0,5257.0,5648.0,5593.0,5159.0,4561.0,3323.0,2494.0,2460.0,2249.0,1933.0,1664.0,1340.0,1084.0,881.0,731.0
11,789.0,561.0,505.0,588.0,676.0,950.0,1359.0,2123.0,3418.0,4496.0,4462.0,4461.0,4226.0,4125.0,3491.0,2985.0,2627.0,2294.0,2138.0,1740.0,1447.0,1098.0,863.0,1163.0
12,1069.0,830.0,815.0,934.0,1258.0,1765.0,2312.0,2881.0,3699.0,3477.0,3521.0,4421.0,4263.0,4107.0,4098.0,3862.0,2905.0,2550.0,2449.0,2061.0,1508.0,1096.0,908.0,831.0
13,916.0,581.0,436.0,527.0,680.0,1319.0,2211.0,3175.0,2919.0,2995.0,3496.0,3701.0,4061.0,4465.0,4979.0,4931.0,4587.0,5005.0,3370.0,1935.0,1456.0,935.0,857.0,781.0
14,1777.0,1534.0,1535.0,1766.0,2245.0,2970.0,3389.0,3723.0,4137.0,4299.0,4482.0,4633.0,4394.0,4275.0,4010.0,3634.0,3038.0,2705.0,2609.0,2108.0,1743.0,1286.0,1097.0,913.0
15,383.0,263.0,204.0,262.0,338.0,577.0,1535.0,4054.0,4983.0,2863.0,4694.0,4119.0,3645.0,3316.0,3293.0,3301.0,3595.0,3811.0,3332.0,2333.0,1629.0,1036.0,930.0,701.0
16,445.0,261.0,218.0,260.0,305.0,537.0,1233.0,3786.0,4359.0,4165.0,4244.0,4066.0,3728.0,3797.0,3714.0,3849.0,3911.0,3999.0,3293.0,2750.0,1835.0,1234.0,1106.0,1061.0
17,357.0,247.0,229.0,256.0,407.0,847.0,2145.0,4433.0,5088.0,4577.0,5442.0,5580.0,5053.0,4601.0,4147.0,3772.0,4117.0,3947.0,3349.0,2357.0,1661.0,1151.0,814.0,610.0
18,598.5,408.0,323.0,404.5,662.5,1023.5,1975.5,2903.0,3118.0,3475.5,3794.0,3649.5,3506.5,3384.0,3298.0,3576.5,4347.5,4655.5,4235.0,3275.5,2161.0,1530.0,1250.0,904.5
19,566.3333333333334,415.0,332.0,425.6666666666667,558.6666666666666,843.6666666666666,1471.0,2082.3333333333335,2509.6666666666665,3082.0,3719.3333333333335,3700.0,3635.0,3648.6666666666665,3285.6666666666665,3750.0,4095.0,4305.0,3978.3333333333335,2947.6666666666665,2222.0,1561.0,1202.0,1097.6666666666667
20,449.25,334.0,254.0,299.5,438.75,791.0,1581.5,2610.5,2755.25,2576.25,2679.75,2676.5,2677.25,2695.25,2737.25,3096.75,3914.5,4461.75,3912.0,2607.5,1580.75,1072.25,847.0,594.75
21,485.79487179487177,311.20512820512823,254.89743589743588,306.9230769230769,460.15384615384613,758.4358974358975,1615.7692307692307,2611.1794871794873,2842.871794871795,2842.6666666666665,2756.3947368421054,2670.641025641026,2707.4210526315787,2777.8205128205127,2887.4102564102564,3264.3846153846152,4160.538461538462,4735.974358974359,4319.2307692307695,3018.3846153846152,1896.179487179487,1333.4615384615386,1081.025641025641,802.5641025641025
22,530.6,304.68,257.52,294.08,436.2,738.88,1624.68,2787.92,3130.2,3095.76,3029.8,2939.72,2993.2,3088.92,3216.7916666666665,3580.6,4448.64,5006.8,4648.84,3385.16,2210.92,1597.16,1307.48,1001.76
23,567.0,286.0,255.0,284.0,415.0,725.0,1452.0,2210.0,2515.0,2766.0,2505.0,2568.0,2271.0,2859.0,3072.0,3629.0,4545.0,4883.0,4816.0,3623.0,2502.0,1616.0,1423.0,1761.0
24,556.0,386.0,306.0,290.0,457.0,751.0,1590.0,2594.0,2892.0,3070.0,3128.0,2821.0,2821.0,3086.0,3086.0,3592.0,3958.0,4121.0,3823.0,4185.0,2777.0,1628.0,1455.0,1723.0
25,598.5,400.0,370.5,435.0,643.0,909.5,1769.0,2742.0,3017.0,3387.5,3523.5,3692.0,3854.0,4117.0,4176.5,4421.0,5093.5,5924.0,5702.5,4918.5,3963.5,2663.0,2080.0,1736.0
26,629.6666666666666,373.3333333333333,315.0,365.0,524.6666666666666,853.3333333333334,1806.6666666666667,2954.0,3155.0,3204.3333333333335,3275.0,3345.3333333333335,3464.6666666666665,3603.0,3912.0,4146.0,4861.666666666667,5287.666666666667,4970.0,3774.0,2801.3333333333335,1955.6666666666667,1736.3333333333333,1683.3333333333333
27,515.0,334.5,276.5,311.0,461.0,710.0,1495.5,2844.0,3266.0,3418.5,3507.5,3441.0,3750.5,4127.5,4520.5,4915.0,5173.0,5295.0,4755.5,3683.0,2494.5,1670.0,1218.0,1054.0
28,793.6666666666666,425.0,328.5,365.8333333333333,523.8333333333334,795.1666666666666,1603.1666666666667,2469.0,2779.6666666666665,2987.3333333333335,3086.5,3144.1666666666665,3766.6666666666665,4239.333333333333,4609.5,4924.5,5138.833333333333,5013.0,4538.333333333333,3674.8333333333335,2642.0,1817.3333333333333,1532.3333333333333,1350.1666666666667
29,571.0,396.5,301.5,353.0,491.0,795.0,1645.5,2633.0,2887.5,2962.0,3147.0,3584.5,4307.0,4926.5,5386.0,5871.5,5267.5,5499.0,5241.5,4940.5,3646.5,2566.5,1968.0,1626.5
30,638.0,359.0,295.0,355.0,474.0,812.0,1756.0,3132.0,3347.0,3391.0,3554.0,4085.0,4578.0,5269.0,5800.0,5739.0,6438.0,6331.0,5973.0,5317.0,3253.0,2388.0,1948.0,1666.0
31,574.4,347.0,264.6,323.8,462.0,757.6,1649.6,2777.6,3136.0,3163.6,3057.8,3318.6,3893.8,4489.2,5004.6,5610.6,5898.8,5871.8,5573.2,4365.4,2837.0,1926.2,1503.0,1213.6
32,592.0,304.0,258.0,331.0,436.0,713.0,1710.0,3501.0,4179.0,4019.0,4092.0,3809.0,4305.0,4538.0,4905.0,5338.0,5800.0,5452.0,5043.0,4080.0,2897.0,1923.0,1583.0,1263.0
33,169.0,433.0,452.0,332.0,236.0,208.0,302.0,754.0,1076.0,1235.0,1974.0,2891.0,3451.0,3791.0,3684.0,3256.0,2914.0,2418.0,1886.0,1622.0,1094.0,825.0,603.0,474.0
34,724.0,464.0,295.0,278.0,232.0,243.0,457.0,799.0,1105.0,1567.0,1990.0,2458.0,2465.0,2386.0,2684.0,2322.0,2522.0,2572.0,2317.0,2440.0,1968.0,1263.0,1063.0,845.0
35,862.0,569.6666666666666,405.0,380.3333333333333,445.0,637.6666666666666,1144.3333333333333,1826.0,2335.3333333333335,2678.3333333333335,3054.0,3102.3333333333335,3147.3333333333335,3128.6666666666665,3035.0,2786.6666666666665,2664.3333333333335,2632.6666666666665,2530.6666666666665,1968.6666666666667,1424.6666666666667,978.6666666666666,877.3333333333334,895.3333333333334
36,610.0,484.0,319.0,380.0,499.0,631.0,882.0,1194.0,1693.0,2498.0,3470.0,3712.0,2945.0,3699.0,3707.0,3315.0,2609.0,2543.0,2240.0,1789.0,1481.0,1193.0,975.0,838.0
37,373.0,283.0,238.0,296.0,366.0,575.0,1399.0,2581.0,2936.0,2922.0,3144.0,2997.0,3445.0,3426.0,3387.0,3100.0,3302.0,3335.0,2940.0,2069.0,1468.0,1042.0,862.0,617.0
38,524.0,378.5,263.5,209.0,221.5,307.5,763.0,2325.0,2562.5,2900.5,3820.0,4379.0,4263.5,3814.0,3200.0,2543.0,2230.0,2193.5,1841.5,1535.5,1261.0,1027.0,843.0,689.0
39,451.0,299.0,201.0,208.0,259.0,358.0,644.0,1272.0,1739.0,2598.0,3836.0,4490.0,4032.0,3403.0,3113.0,2396.0,1994.0,2103.0,1932.0,1410.0,1045.0,780.0,635.0,452.0
40,532.5,379.0,275.0,214.5,241.0,325.5,582.0,1444.0,1712.0,2113.5,3000.0,3660.0,3750.5,3672.0,3277.5,2668.0,2425.0,2409.0,2312.5,1661.5,1284.5,1049.0,832.0,724.0
41,361.0,213.0,147.0,190.0,196.0,322.0,710.0,1539.0,1953.0,2662.0,3639.0,4179.0,3837.0,3622.0,3430.0,2868.0,2596.0,2487.0,2238.0,1889.0,1539.0,1257.0,930.0,795.0
42,680.0,432.0,293.0,235.0,257.0,370.0,716.0,1275.0,1534.0,2557.0,3574.0,3960.0,3444.0,3183.0,2881.0,2555.0,2413.0,2526.0,2397.0,2527.0,2148.0,1424.0,1095.0,859.0
43,589.0,447.0,281.0,231.0,241.0,374.0,625.0,942.0,1281.0,2219.0,3090.0,3814.0,4246.0,4446.0,4204.0,3601.0,3207.0,3065.0,2465.0,1824.0,1419.0,1168.0,928.0,736.0
44,647.75,416.0,276.5,252.75,293.0,402.75,1147.75,2944.5,3089.75,3724.0,4953.25,5445.75,5210.25,4888.5,3984.0,3044.75,2837.5,2649.75,2284.0,2038.75,1704.5,1264.75,985.0,705.75
45,556.0,370.0,314.0,249.0,291.0,513.0,1451.0,3788.0,3823.0,4534.0,5765.0,5269.0,5630.0,3941.0,5361.0,3292.0,2845.0,2525.0,2079.0,1566.0,1244.0,1055.0,797.0,639.0
46,717.0,499.0,399.0,333.0,416.0,674.0,1066.0,1726.0,2292.0,2990.0,4229.0,4780.0,4984.0,4583.0,3934.0,3598.0,3529.0,2919.0,2433.0,2066.0,1507.0,1163.0,1079.0,868.0
47,695.0,487.0,372.0,379.0,508.0,693.0,1247.0,1800.0,2847.0,4157.0,4977.0,4667.0,4144.0,3925.0,3237.0,3280.0,2815.0,2701.0,2460.0,1979.0,1722.0,1127.0,935.0,807.0
48,1043.0,685.0,505.0,487.0,671.0,937.0,1468.0,2139.0,3108.0,4003.0,4341.0,3014.0,4142.0,4177.0,3714.0,3478.0,3478.0,3060.0,2584.0,2295.0,1662.0,1186.0,963.0,820.0
49,659.6666666666666,452.3333333333333,338.6666666666667,267.3333333333333,305.0,442.3333333333333,809.0,1264.3333333333333,2338.0,3835.3333333333335,4887.0,4921.333333333333,4276.333333333333,3819.3333333333335,3303.0,2889.0,2759.0,2854.3333333333335,2626.3333333333335,2441.3333333333335,2039.0,1583.6666666666667,1224.3333333333333,1057.6666666666667
50,1661.0,781.0,337.0,315.0,401.0,465.0,722.0,1248.0,2153.0,3324.0,4248.0,4342.0,3630.0,4072.0,3358.0,2954.0,2926.0,2862.0,2721.0,2119.0,1904.0,1687.0,1428.0,956.0
51,772.0,451.0,267.0,318.0,402.0,649.0,943.0,1507.0,2709.0,4439.0,5238.0,5086.0,4223.0,3298.0,2898.0,2431.0,2231.0,2241.0,2095.0,1899.0,1686.0,1492.0,1132.0,925.0
