,00:00,01:00,02:00,03:00,04:00,05:00,06:00,07:00,08:00,09:00,10:00,11:00,12:00,13:00,14:00,15:00,16:00,17:00,18:00,19:00,20:00,21:00,22:00,23:00
2019-01-01,188,427,352,258,162,138,126,63,82,119,183,303,480,589,696,724,673,688,577,463,370,330,240,137
2019-01-02,113,57,28,42,79,393,724,1009,898,833,769,880,977,1228,1314,1512,1567,1497,1220,871,635,571,617,301
2019-01-03,167,63,43,62,69,419,732,1042,1067,934,897,906,1049,1169,1285,1418,1485,1554,1375,948,638,487,382,250
2019-01-04,149,72,44,61,63,396,722,995,1049,945,789,1041,1146,1377,1373,1476,1514,1575,1325,1027,713,566,547,358
2019-01-05,274,160,101,73,61,166,201,280,511,809,666,907,1038,1131,1261,1186,1239,1271,1148,895,720,597,452,411
2019-01-06,279,239,127,96,81,95,115,94,175,278,444,530,727,895,965,926,932,937,817,656,517,551,341,175
2019-01-07,92,69,42,43,118,549,1283,1680,1490,1110,944,1001,1112,1307,1354,1507,1808,1788,1545,960,631,556,366,229
2019-01-08,74,57,29,51,105,560,1371,1609,1624,1429,1031,992,1073,1316,1344,1533,1758,1731,1533,1065,745,696,397,173
2019-01-09,92,48,41,49,111,540,1286,1669,1431,1300,1018,1006,1125,1396,1395,1584,1747,1782,1599,992,697,588,436,247
2019-01-10,144,48,35,53,111,584,1324,1747,1520,1274,1100,1039,1196,1498,1393,1621,1829,1839,1644,1082,725,641,685,276
2019-01-11,158,63,45,59,111,539,1304,1644,1496,1162,1053,1059,1221,1586,1637,1608,1709,1623,1401,1028,725,659,494,356
2019-01-12,292,160,97,68,62,177,256,365,603,784,824,1015,1074,1256,1269,1299,1253,1382,1258,1001,780,606,604,424
2019-01-13,346,237,143,83,91,106,106,84,163,350,505,577,728,851,979,868,877,946,882,862,633,459,315,188
2019-01-14,90,58,46,55,112,574,1439,1684,1548,1259,1082,996,1176,1339,1362,1618,1851,1836,1522,995,639,560,408,223
2019-01-15,100,55,37,46,108,563,1446,1763,1543,1264,1036,1031,1203,1428,1403,1701,1850,1884,1705,1170,765,567,486,241
2019-01-16,109,55,44,52,129,542,1431,1774,1536,1237,1054,1123,1251,1345,1380,1616,1960,1885,1609,1148,766,753,586,439
2019-01-17,158,64,36,63,125,566,1396,1631,1435,1343,1060,1080,1210,1450,1448,1611,1842,1866,1601,1080,770,708,560,253
2019-01-18,161,44,39,58,126,571,1353,1643,1576,1184,1040,1102,1308,1607,1636,1721,1778,1921,1652,1149,747,622,614,489
2019-01-19,320,175,94,75,77,207,291,461,617,814,872,1106,1222,1390,1408,1398,1334,1393,1353,1041,787,630,598,449
2019-01-20,383,252,152,103,94,125,119,136,203,406,615,647,795,1039,1098,1014,1013,1021,907,904,602,437,383,177
2019-01-21,88,59,30,39,104,512,1394,1709,1389,1191,1112,1125,1209,1372,1383,1601,1903,1872,1502,1013,698,576,415,212
2019-01-22,123,45,43,52,115,551,1371,1456,1486,1424,1119,1020,1207,1443,1412,1663,1879,1796,1662,1150,733,615,460,311
2019-01-23,111,75,40,45,114,522,1414,1727,1568,1243,1041,1058,1226,1487,1331,1688,1899,1895,1618,1120,756,605,555,235
2019-01-24,136,58,40,58,121,549,1377,1728,1567,1269,1047,1061,1231,1412,1406,1700,1878,1812,1633,1092,763,658,494,323
2019-01-25,138,75,43,53,114,525,1291,1637,1520,1201,1090,1099,1390,1564,1669,1673,1736,1688,1524,1092,790,669,694,574
2019-01-26,314,189,83,81,74,196,304,438,614,977,803,970,1106,1098,828,813,738,724,698,549,448,304,331,222
2019-01-27,186,127,95,38,46,74,67,60,110,214,294,361,432,552,484,451,520,530,407,377,329,246,162,112
2019-01-28,43,43,20,25,86,500,1275,1612,1528,1172,1085,1025,1207,1337,1338,1512,1638,1770,1545,960,660,566,398,207
2019-01-29,127,53,45,39,112,507,1391,1652,1539,1235,1056,1106,1201,1395,1391,1602,1760,1842,1721,1116,772,617,499,260
2019-01-30,109,50,43,47,113,526,1368,1656,1528,1254,1066,1235,1300,1366,1444,1614,1847,1816,1570,1132,793,647,471,268
2019-01-31,177,72,49,61,112,540,1357,1596,1417,1318,1055,981,1169,1351,1344,1708,1833,1806,1842,1305,854,620,494,314
2019-02-01,148,69,48,52,110,517,1270,1622,1526,1146,1166,1229,1333,1656,1683,1801,1755,1654,1571,1102,837,613,671,500
2019-02-02,317,180,112,89,80,174,327,423,733,1289,1228,1213,1271,1312,1413,1330,1342,1356,1363,1091,822,632,864,598
2019-02-03,371,256,149,109,87,135,124,123,188,376,557,702,852,847,1046,1027,903,979,843,790,682,497,395,318
2019-02-04,91,71,49,46,168,523,1316,1716,1434,1248,1036,1059,1208,1429,1379,1620,1816,1860,1576,1059,729,615,431,193
2019-02-05,92,63,35,60,105,521,1408,1632,1431,1244,1136,1107,1335,1472,1524,1853,1808,1967,1663,1165,787,666,436,227
2019-02-06,83,52,52,45,107,521,1366,1742,1435,1275,1141,1133,1254,1643,1547,1739,1856,1887,1708,1176,914,744,571,268
2019-02-07,159,72,46,55,128,538,1398,1690,1571,1176,1161,1117,1197,1359,1451,1740,1816,1810,1728,1382,936,732,548,300
2019-02-08,154,70,53,70,114,527,1275,1665,1468,1269,1111,1160,1400,1565,1744,1944,1737,1795,1646,1325,878,680,645,592
2019-02-09,285,166,102,84,87,166,282,427,640,839,945,1211,1388,1459,1484,1408,1307,1396,1306,1002,819,577,826,504
2019-02-10,390,250,175,130,97,112,108,108,174,379,531,703,870,888,1020,933,919,951,857,795,629,727,374,192
2019-02-11,89,60,39,57,105,551,1412,1701,1387,1213,1058,1071,1231,1369,1406,1575,1826,1891,1568,1084,654,612,469,194
2019-02-12,78,54,45,53,102,554,1444,1539,1527,1257,1113,1056,1275,1452,1413,1619,1873,1919,1603,1155,838,625,466,235
2019-02-13,89,61,40,54,99,524,1372,1666,1341,1280,1079,1102,1343,1507,1433,1670,1898,1921,1529,1280,847,643,480,243
2019-02-14,129,63,50,56,107,535,1370,1671,1400,1256,1199,1065,1256,1521,1533,1778,1872,1853,1660,1252,854,715,533,304
2019-02-15,185,72,56,65,118,530,1353,1597,1455,1264,1113,1206,1471,1796,1849,1663,1361,1757,1655,1412,930,814,626,471
2019-02-16,303,170,107,94,79,179,282,419,623,965,1309,1281,1495,1652,1545,1466,1384,1550,1421,1209,800,678,661,516
2019-02-17,414,279,147,105,98,118,116,120,216,379,693,904,1139,1310,1226,1201,1090,1165,975,864,621,551,458,181
2019-02-18,105,60,65,76,115,542,1444,1583,1403,1363,1325,1197,1199,1430,1593,1639,1742,1899,1610,1022,714,554,416,190
2019-02-19,90,53,48,47,121,549,1468,1598,1503,1280,1241,1085,1243,1444,1486,1595,1911,1785,1610,1094,721,604,662,351
2019-02-20,119,51,41,59,113,525,1408,1614,1451,1264,1121,1134,1330,1570,1746,1872,1974,1855,1624,1194,876,731,515,267
2019-02-21,161,65,54,59,107,560,1459,1628,1427,1308,1129,1127,1321,1498,1571,1770,1919,1915,1761,1488,875,623,494,307
2019-02-22,181,65,48,56,104,520,1341,1564,1464,1220,1339,1239,1495,1713,1762,1853,1888,1729,1691,1304,858,716,834,451
2019-02-23,299,156,102,82,78,217,406,573,822,1216,1357,1435,1556,1546,1639,1511,1528,1588,1383,1206,787,619,670,463
2019-02-24,353,247,144,101,82,120,110,130,203,442,751,976,1081,1303,1273,1150,1165,1151,1135,915,688,488,457,199
2019-02-25,77,60,44,50,97,523,1357,1485,1449,1251,1099,1162,1197,1333,1244,1525,1755,1829,1625,1088,696,575,478,185
2019-02-26,95,55,43,63,98,510,1357,1572,1448,1241,1183,1180,1212,1509,1450,1669,1874,1822,1650,1180,735,625,420,207
2019-02-27,101,41,40,58,118,537,1377,1591,1417,1372,1165,1117,1344,1484,1497,1658,1851,1862,1606,1173,788,693,471,252
2019-02-28,152,55,42,71,109,500,1430,1573,1333,1220,1225,1154,1312,1578,1863,1779,1693,1781,1699,1228,817,647,509,265
2019-03-01,158,88,57,74,126,507,1303,1578,1394,1328,1294,1252,1370,1615,1640,1631,1826,1783,1478,1248,837,631,535,418
2019-03-02,242,179,84,86,84,180,320,388,622,982,983,1267,1312,1321,1537,1347,1259,1283,1209,1009,756,530,616,458
2019-03-03,322,230,139,89,76,116,129,130,238,369,593,670,720,845,856,800,951,1125,860,706,536,477,450,178
2019-03-04,95,72,37,59,111,511,1317,1538,1379,1166,958,1039,1167,1250,1347,1478,1738,1709,1475,980,654,492,396,176
2019-03-05,131,79,41,48,111,486,1297,1517,1480,1107,970,1001,1172,1236,1244,1338,1534,1619,1387,970,655,540,378,225
2019-03-06,105,79,64,61,117,514,1333,1601,1542,1280,1116,1168,1347,1382,1388,1589,1770,1835,1572,1117,743,567,503,230
2019-03-07,150,67,48,49,109,563,1375,1607,1524,1391,1256,1221,1322,1538,1523,1605,1949,2104,1796,1354,669,587,541,330
2019-03-08,150,67,33,57,117,519,1313,1567,1496,1188,1063,1117,1479,1638,1548,1730,1743,1702,1553,1143,790,681,612,420
2019-03-09,299,165,120,93,82,198,332,438,622,809,928,1086,1324,1349,1324,1258,1419,1527,1297,1002,822,607,662,515
2019-03-10,428,262,201,122,117,126,157,111,212,370,558,703,798,906,986,986,950,974,877,805,615,481,422,215
2019-03-11,91,66,48,50,103,530,1466,1615,1512,1473,1228,1084,1243,1411,1461,1655,1747,1883,1579,1090,713,572,444,223
2019-03-12,99,52,34,53,102,509,1472,1523,1527,1379,1246,1265,1347,1567,1516,1756,1829,1886,1691,1156,738,612,473,222
2019-03-13,113,57,52,52,119,538,1472,1611,1552,1273,1103,1103,1288,1449,1426,1608,1860,1977,1626,1070,747,621,735,337
2019-03-14,105,65,36,54,101,525,1456,1602,1512,1219,1211,1141,1253,1444,1451,1745,1889,1829,1652,1291,935,749,599,298
2019-03-15,115,59,46,64,119,507,1335,1594,1585,1163,1177,1236,1406,1672,1723,1782,1779,1765,1575,1179,776,629,644,425
2019-03-16,272,182,104,75,80,191,301,402,697,924,1008,1279,1539,1553,1490,1405,1414,1499,1394,1133,812,665,687,578
2019-03-17,508,231,174,105,102,133,146,116,274,457,672,780,911,1096,1074,1000,1084,1033,899,740,681,739,465,216
2019-03-18,83,59,41,53,121,548,1389,1662,1494,1311,1120,1045,1178,1395,1471,1574,1850,1944,1557,1028,680,621,629,230
2019-03-19,114,57,38,62,117,499,1464,1624,1532,1242,1139,1096,1221,1511,1432,1633,1882,1944,1687,1156,747,653,598,317
2019-03-20,96,58,44,55,121,507,1448,1573,1518,1294,1092,1170,1322,1595,1505,1664,1963,1812,1597,1199,921,833,632,342
2019-03-21,117,48,42,60,119,567,1439,1523,1547,1327,1162,1136,1273,1492,1527,1721,1931,1835,1707,1172,829,734,605,307
2019-03-22,128,67,42,66,125,535,1371,1584,1488,1193,1082,1244,1475,1668,1670,1835,1836,1809,1542,1144,882,707,659,433
2019-03-23,284,172,82,77,81,233,326,529,744,1075,1096,1221,1389,1501,1542,1557,1580,1538,1484,1192,979,662,566,464
2019-03-24,376,254,154,116,86,138,153,170,260,549,694,878,981,1153,1214,1166,1080,1133,984,1051,615,534,445,194
2019-03-25,103,53,42,60,107,520,1440,1543,1489,1293,1147,1131,1242,1415,1415,1692,1843,1889,1507,1118,697,608,394,224
2019-03-26,82,39,43,63,125,512,1375,1599,1577,1295,1292,1122,1253,1483,1493,1724,1917,1835,1733,1221,773,657,548,231
2019-03-27,96,57,39,48,109,500,1471,1630,1557,1331,1170,1203,1292,1546,1605,1807,1962,1836,1639,1176,849,713,539,231
2019-03-28,125,68,48,62,105,549,1459,1656,1617,1435,1174,1174,1254,1579,1522,1725,1848,1846,1621,1232,887,661,581,489
2019-03-29,128,86,50,69,110,518,1372,1648,1582,1262,1185,1286,1536,1678,1843,1849,1833,1695,1604,1241,891,718,702,564
2019-03-30,321,167,111,94,78,205,323,518,772,1069,1275,1765,1537,1563,1638,1519,1355,1578,1502,1162,923,679,677,634
2019-03-31,386,297,0,158,146,129,154,149,294,505,808,1101,1264,1519,1380,1155,1063,1132,1045,923,695,594,405,219
2019-04-01,101,76,35,58,116,539,1439,1647,1644,1386,1253,1135,1362,1486,1456,1662,1844,1904,1705,1159,806,647,437,279
2019-04-02,104,52,37,50,116,522,1443,1588,1623,1320,1166,1265,1302,1489,1437,1744,1835,1942,1685,1166,772,724,741,288
2019-04-03,135,63,38,54,118,545,1393,1574,1441,1241,1155,1418,1195,1508,1367,1666,1845,1865,1597,1165,786,719,534,271
2019-04-04,130,49,46,63,120,514,1463,1652,1541,1328,1206,1185,1230,1605,1646,1719,1738,1802,1810,1219,858,680,576,299
2019-04-05,143,73,46,63,117,515,1423,1649,1580,1204,1219,1368,1628,1716,1715,1862,1807,1802,1596,1220,879,727,706,464
2019-04-06,292,149,115,98,92,233,344,528,845,1292,1353,1419,1513,1558,1635,1470,1561,1429,1373,1107,925,634,578,522
2019-04-07,400,285,178,149,119,177,181,241,333,497,776,1040,1227,1386,1362,1392,1485,1594,1504,1309,1111,742,453,203
2019-04-08,104,60,53,42,118,510,1463,1544,1511,1359,1317,1188,1355,1471,1452,1608,1877,1832,1750,1100,727,615,434,242
2019-04-09,89,65,41,54,108,529,1503,1530,1627,1278,1231,1154,1288,1490,1469,1817,1756,1642,1700,1222,777,675,503,250
2019-04-10,112,69,54,39,123,539,1451,1529,1529,1421,1249,1181,1316,1500,1559,1695,1936,1823,1560,1242,800,703,623,269
2019-04-11,116,61,40,59,120,515,1478,1515,1647,1477,1269,1267,1305,1738,1709,1785,2011,1760,1726,1243,926,761,567,357
2019-04-12,139,77,62,59,117,505,1433,1556,1522,1334,1275,1281,1572,1598,1702,1737,1895,1866,1825,1267,881,736,541,396
2019-04-13,287,152,89,78,93,217,316,416,669,882,1087,1484,1366,1476,1618,1531,1383,1492,1342,1066,832,621,814,610
2019-04-14,388,244,173,115,92,139,147,145,220,396,658,802,1061,1091,1133,1075,1027,1066,968,813,668,559,470,220
2019-04-15,100,54,41,59,107,556,1440,1557,1660,1453,1300,1215,1313,1403,1475,1711,1850,1998,1698,1114,824,643,493,262
2019-04-16,114,74,41,53,124,557,1497,1597,1648,1380,1230,1229,1415,1445,1471,1711,1972,1929,1764,1215,889,639,462,261
2019-04-17,124,64,43,53,104,539,1412,1501,1574,1451,1318,1355,1311,1770,1742,1884,2165,1977,1693,1314,882,731,525,303
2019-04-18,132,64,56,49,107,535,1380,1610,1573,1374,1344,1332,1454,1541,1412,1686,1856,1801,1630,965,932,660,605,661
2019-04-19,241,144,91,74,52,124,180,170,264,494,1074,1199,1208,1170,1186,1065,885,884,788,708,543,518,487,299
2019-04-20,194,125,71,52,69,187,271,340,547,779,996,1205,1261,1093,1269,1210,1369,1242,1135,937,591,587,492,378
2019-04-21,277,178,121,74,65,115,127,111,202,427,755,955,983,982,904,906,853,917,1099,843,603,550,450,213
2019-04-22,180,110,67,79,65,114,122,121,190,375,718,980,1120,961,1334,1353,1376,1434,1186,985,733,665,421,232
2019-04-23,129,82,41,50,120,513,1288,1482,1490,1267,1207,1130,1205,1342,1352,1489,1704,1702,1573,1090,701,596,389,219
2019-04-24,99,65,48,111,121,504,1278,1538,1413,1234,1137,1143,1205,1399,1325,1540,1818,1810,1720,1000,781,600,504,297
2019-04-25,141,91,59,51,103,523,1261,1529,1480,1347,1268,1243,1306,1386,1402,1554,1980,1825,1621,1105,918,732,568,362
2019-04-26,156,92,77,63,127,500,1249,1390,1354,1199,1078,1162,1391,1595,1697,1691,1758,1743,1602,1308,850,661,587,658
2019-04-27,430,242,125,105,77,202,286,404,618,847,1000,1153,1309,1325,1498,1297,1437,1420,1417,1018,819,525,646,558
2019-04-28,387,248,172,123,83,137,152,183,235,424,676,809,1113,1200,1105,1046,1174,1279,1284,842,731,645,443,225
2019-04-29,112,58,54,43,117,533,1387,1655,1397,1245,1201,1174,1278,1466,1500,1687,1806,1677,1628,1116,754,631,464,243
2019-04-30,116,64,36,41,109,495,1385,1593,1575,1390,1286,1232,1318,1532,1663,1877,1653,1757,1835,1311,1007,725,591,414
2019-05-01,316,233,143,119,85,145,150,167,308,447,783,995,1161,1259,1116,1226,1110,1208,1224,907,714,534,448,253
2019-05-02,122,63,41,39,111,538,1304,1631,1580,1384,1571,1353,1510,1764,1709,1814,1366,1705,1624,1197,804,615,466,273
2019-05-03,137,69,56,45,123,480,1310,1524,1538,1346,1233,1302,1446,1700,1718,1809,1777,1799,1569,1164,860,709,602,448
2019-05-04,351,179,97,70,67,177,302,471,626,798,886,1147,1308,1353,1389,1458,1475,1481,1492,1042,880,678,581,552
2019-05-05,464,278,172,125,75,117,133,147,294,500,624,794,999,1093,1183,1278,1441,1452,1513,905,732,544,431,229
2019-05-06,106,61,37,53,104,563,1413,1749,1554,1358,1197,1099,1242,1487,1509,1630,1845,1810,1763,1254,743,562,442,227
2019-05-07,119,60,36,52,104,531,1455,1679,1513,1361,1153,1165,1309,1548,1567,1674,1869,1751,1797,1202,841,858,522,257
2019-05-08,119,58,38,49,108,537,1477,1522,1487,1302,1310,1184,1334,1498,1488,1722,1718,1885,1555,1109,831,681,523,287
2019-05-09,135,77,40,71,108,567,1456,1611,1453,1261,1082,1113,1198,1448,1585,2006,1773,1885,1710,1198,820,716,613,260
2019-05-10,172,68,41,61,113,555,1419,1683,1545,1283,1131,1228,1486,1582,1841,1798,2045,1720,1565,1134,889,696,635,456
2019-05-11,316,180,106,75,80,213,318,469,682,974,992,1099,1156,1310,1364,1344,1226,1310,1252,1030,845,604,649,493
2019-05-12,464,288,161,97,81,139,103,128,253,508,766,891,1056,1022,1138,1070,1001,1161,1215,920,819,614,451,283
2019-05-13,113,69,28,60,118,562,1396,1649,1593,1294,1224,1120,1235,1394,1288,1513,1868,1766,1547,985,775,606,459,213
2019-05-14,132,59,41,55,122,558,1404,1706,1539,1474,1149,1134,1223,1578,1448,1611,1925,2125,1678,1187,866,693,511,240
2019-05-15,104,60,44,65,106,543,1449,1683,1492,1213,1129,1090,1219,1634,1691,1363,1755,1871,1514,1332,923,708,528,312
2019-05-16,123,65,42,54,125,527,1442,1562,1420,1253,1317,1209,1319,1572,1462,1667,1817,1827,1623,1124,783,674,570,311
2019-05-17,146,74,52,62,110,543,1412,1625,1464,1200,1189,1196,1410,1599,1799,1792,1684,1687,1461,1173,897,707,650,416
2019-05-18,322,154,96,72,75,206,318,547,750,1011,1272,1560,1535,1723,1335,1352,1396,1415,1030,1092,887,614,734,560
2019-05-19,396,281,151,110,98,140,118,144,328,513,648,829,888,1016,1121,1009,980,1061,924,835,552,657,530,270
2019-05-20,134,66,59,59,125,567,1549,1625,1514,1389,1508,1083,1227,1364,1451,1553,1824,1836,1673,1014,726,574,489,219
2019-05-21,105,80,42,57,111,554,1515,1604,1522,1447,1201,1035,1110,1408,1366,1626,1749,1860,1541,1071,775,594,577,297
2019-05-22,120,66,36,57,120,559,1548,1646,1654,1335,1169,1104,1215,1514,1332,1645,1798,1898,1609,1104,760,673,556,423
2019-05-23,208,93,61,57,112,577,1593,1706,1591,1375,1183,1109,1282,1453,1460,1583,1746,1879,1742,1085,950,742,605,355
2019-05-24,175,105,52,67,123,574,1463,1706,1665,1261,1297,1247,1408,1643,1618,1863,1714,1598,1494,1220,779,663,742,579
2019-05-25,383,208,144,92,77,203,313,485,718,988,1070,1104,1149,1270,1327,1326,1285,1339,1229,829,784,527,726,621
2019-05-26,497,305,167,106,74,103,109,145,275,503,715,889,932,955,1114,1068,1084,1080,1081,816,557,556,455,272
2019-05-27,152,67,49,48,120,571,1511,1710,1477,1325,1245,1135,1293,1369,1345,1473,1740,1823,1538,1060,687,583,484,368
2019-05-28,141,66,37,55,123,535,1547,1597,1446,1215,1205,1129,1218,1460,1401,1574,1845,1927,1620,1112,763,693,509,277
2019-05-29,136,57,36,55,123,575,1509,1742,1538,1378,1197,1108,1293,1531,1576,1719,1963,2004,1753,1269,919,729,683,634
2019-05-30,347,176,96,95,76,168,169,162,263,546,844,1002,1097,1090,683,976,892,731,860,637,598,535,559,455
2019-05-31,220,118,65,62,100,400,914,1188,1160,1187,1261,1352,1378,1523,1588,1513,1596,1564,1345,1063,628,616,602,461
2019-06-01,274,161,115,70,86,197,303,460,636,995,1063,1098,1287,1281,1293,1173,1198,1223,1174,1066,935,656,493,497
2019-06-02,404,246,191,99,91,108,99,133,283,498,657,763,908,1092,1157,1101,1094,983,997,943,741,662,456,278
2019-06-03,152,80,53,63,121,552,1603,1655,1702,1394,1096,1147,1228,1384,1398,1487,1676,1599,1505,1062,748,573,470,242
2019-06-04,123,73,43,51,126,561,1534,1820,1509,1265,1128,1038,1206,1381,1318,1584,1556,1821,1595,1179,870,698,544,330
2019-06-05,147,67,53,44,127,549,1539,1658,1643,1271,1226,1030,1219,1429,1326,1622,1902,2091,1628,1102,876,825,619,293
2019-06-06,153,69,48,59,128,563,1488,1752,1613,1438,1161,1145,1283,1510,1416,1758,1832,1928,1686,1219,789,717,552,314
2019-06-07,161,94,50,51,132,544,1420,1683,1615,1235,1167,1311,1443,1399,1601,1714,1701,1544,1418,1078,836,648,552,432
2019-06-08,283,144,112,66,64,195,315,430,590,856,1013,1124,1244,1266,1120,1150,1143,1182,1111,944,783,557,481,569
2019-06-09,350,233,158,115,79,109,118,122,199,445,710,919,855,912,950,838,795,865,690,676,555,487,383,224
2019-06-10,205,129,77,38,50,88,77,70,126,204,291,417,466,544,570,538,522,534,491,456,506,457,385,201
2019-06-11,114,66,53,52,92,571,1491,1690,1658,1328,1151,1112,1195,1301,1265,1425,1684,1668,1482,1014,704,553,393,259
2019-06-12,121,53,47,54,119,545,1424,1752,1583,1261,1159,995,1046,1307,1202,1443,1711,1328,1481,1075,782,585,460,279
2019-06-13,142,69,46,53,119,592,1399,1685,1616,1269,1158,1080,1103,1185,1239,1402,1564,1684,1448,1039,827,500,522,292
2019-06-14,158,76,75,64,125,568,1385,1606,1539,1232,1140,1064,1108,1353,1483,1392,1325,1317,1479,1039,754,615,573,417
2019-06-15,270,152,105,74,74,217,308,432,618,834,976,1095,1148,1151,1170,1236,1081,1179,1048,953,760,577,547,481
2019-06-16,376,277,141,101,88,119,133,139,211,379,613,709,898,885,963,921,853,886,891,709,682,601,432,250
2019-06-17,138,78,58,54,110,571,1405,1648,1606,1315,1165,1054,1101,1241,1256,1456,1601,1727,1407,980,737,583,419,233
2019-06-18,129,69,48,59,116,563,1414,1715,1702,1316,1109,1031,1098,1236,1259,1392,1576,1688,1484,1059,752,656,505,191
2019-06-19,139,65,52,61,125,554,1382,1635,1676,1321,1140,1065,1065,1314,1365,1728,1740,1675,1439,1105,859,657,588,428
2019-06-20,170,97,106,96,68,135,150,150,263,456,635,803,982,836,1004,813,827,817,793,656,580,511,466,314
2019-06-21,174,110,62,65,108,429,917,1261,1168,1232,1239,1260,1205,1418,1454,1423,1469,1473,1280,1001,795,618,558,404
2019-06-22,269,161,94,80,77,193,299,385,576,884,1069,1164,1307,1355,1331,1669,1834,1775,1437,1082,832,603,553,488
2019-06-23,439,375,251,151,80,136,130,142,253,461,712,929,1052,1099,1063,1181,1603,1390,1189,946,728,681,344,297
2019-06-24,199,172,108,67,116,623,1530,1825,1752,1307,1201,1156,1133,1342,1357,1496,1745,1857,1541,1063,757,617,429,252
2019-06-25,131,75,47,59,124,623,1518,1843,1738,1411,1281,1203,1211,1425,1337,1591,1768,1759,1584,1088,767,651,513,241
2019-06-26,143,83,53,38,136,650,1511,1816,1674,1461,1175,1113,1161,1317,1242,1458,1605,1590,1356,1073,728,672,541,284
2019-06-27,144,87,45,61,131,654,1410,1389,1669,1279,1224,1190,1366,1489,1410,1521,1692,1658,1510,1095,844,873,565,282
2019-06-28,174,87,61,74,147,614,1357,1658,1710,1441,1186,1173,1410,1609,1617,1806,1809,1711,1417,1149,910,733,649,386
2019-06-29,354,206,124,85,98,235,342,456,804,985,1049,1086,1225,1299,1265,1283,1219,1258,1132,931,804,633,714,535
2019-06-30,336,309,202,112,101,116,138,168,365,490,605,809,854,853,838,859,826,916,1002,861,783,666,551,358
2019-07-01,138,79,56,63,121,626,1490,1806,1614,1384,1064,1109,1216,1384,1291,1603,1818,1847,1581,1149,724,623,510,206
2019-07-02,126,82,43,53,104,609,1495,1845,1610,1344,1158,1126,1180,1430,1342,1632,1865,1857,1592,1200,808,670,529,481
2019-07-03,153,74,45,55,125,593,1505,1856,1656,1305,1155,1077,1286,1453,1441,1656,1887,2044,1556,1198,857,699,578,458
2019-07-04,141,87,43,55,116,596,1507,1872,1584,1273,1232,1115,1336,1493,1425,1631,1857,2047,1632,1210,871,655,508,321
2019-07-05,150,90,51,69,124,580,1402,1832,1544,1321,1305,1258,1423,1699,1700,1824,1836,1937,1634,1244,924,687,673,497
2019-07-06,295,165,119,90,86,217,357,523,794,1128,1095,1272,1353,1320,1396,1322,1225,1261,1180,1005,838,579,720,574
2019-07-07,432,273,166,120,80,124,135,160,295,508,719,972,1002,1000,1065,990,964,1020,906,775,660,604,475,243
2019-07-08,123,66,41,58,107,585,1514,1753,1581,1370,1216,1129,1194,1382,1327,1673,1848,1923,1310,1061,777,621,456,243
2019-07-09,114,67,29,50,116,572,1480,1826,1582,1396,1250,1160,1377,1425,1444,1557,1823,1980,1675,1185,734,716,484,257
2019-07-10,192,118,63,46,118,554,1487,1779,1705,1393,1255,1240,1245,1489,1488,1692,1905,2007,1800,1290,804,573,540,308
2019-07-11,156,86,56,49,115,576,1453,1870,1639,1320,1308,1258,1287,1522,1508,1615,1895,1829,1589,1131,830,710,551,306
2019-07-12,157,82,52,55,122,537,1326,1750,1582,1346,1245,1366,1577,1687,1684,1748,1890,1914,1722,1420,951,739,546,474
2019-07-13,347,202,120,55,88,196,317,481,736,967,1067,1203,1311,1377,1491,1354,1315,1301,1301,1109,876,728,568,514
2019-07-14,388,282,163,102,83,119,128,159,219,467,715,889,943,907,1072,1068,921,1096,1002,882,721,597,449,212
2019-07-15,125,58,41,48,117,509,1397,1809,1667,1341,1222,1313,1314,1373,1462,1476,1821,1840,1664,1160,664,633,465,236
2019-07-16,135,73,34,56,123,550,1384,1827,1593,1440,1345,1297,1213,1458,1458,1701,1908,1918,1622,1196,798,658,539,222
2019-07-17,138,63,42,56,118,570,1493,1865,1623,1339,1322,1235,1245,1499,1480,1666,1874,1941,1636,1146,888,788,445,290
2019-07-18,146,77,47,55,127,556,1446,1808,1652,1378,1312,1249,1339,1530,1528,1748,1873,1992,1772,1249,892,761,569,281
2019-07-19,153,91,47,70,122,547,1290,1626,1645,1279,1313,1349,1460,1632,1659,1704,1769,1814,1606,1223,944,719,582,468
2019-07-20,333,199,109,71,73,207,318,452,828,1016,1336,1361,1486,1334,1312,1324,1262,1329,1161,966,799,629,591,563
2019-07-21,453,307,160,120,88,121,121,166,234,554,759,866,1137,1077,1132,1098,1030,1096,1087,1030,744,594,395,270
2019-07-22,111,69,41,58,114,565,1487,1887,1676,1335,1188,1108,1229,1329,1324,1540,1817,1921,1497,1044,759,593,436,214
2019-07-23,187,90,44,51,111,572,1423,1890,1586,1372,1331,1264,1290,1464,1434,1639,1797,1880,1602,1107,793,675,504,268
2019-07-24,131,85,44,64,116,549,1497,1833,1605,1368,1192,1144,1272,1437,1382,1587,1768,1799,1487,1050,854,636,532,308
2019-07-25,170,60,47,58,136,583,1465,1778,1514,1354,1242,1123,1306,1486,1461,1621,1788,1748,1483,1085,896,623,576,323
2019-07-26,168,79,42,59,131,545,1306,1691,1643,1232,1244,1348,1464,1626,1665,1745,1705,1592,1508,1109,878,644,572,407
2019-07-27,294,156,105,85,80,192,346,487,677,1042,1200,1435,1390,1486,1394,1196,1382,1213,1203,1017,837,587,464,483
2019-07-28,363,276,163,111,96,125,177,220,316,489,627,831,1032,961,986,951,1022,1056,915,809,697,507,417,226
2019-07-29,133,80,38,61,113,594,1348,1732,1652,1276,1248,1054,1159,1165,1322,1502,1660,1956,1575,1099,712,558,424,244
2019-07-30,124,80,44,54,111,536,1374,1700,1592,1304,1265,1177,1227,1317,1486,1584,1752,1842,1479,1097,723,695,397,234
2019-07-31,143,80,46,55,114,559,1298,1693,1577,1379,1262,1153,1307,1426,1463,1588,1762,1899,1594,1076,812,637,519,277
2019-08-01,157,93,46,66,109,546,1332,1669,1532,1268,1302,1058,1162,1350,1438,1561,1851,1942,1646,1141,623,636,512,305
2019-08-02,163,99,45,71,107,521,1264,1578,1462,1294,1229,1226,1342,1409,1514,1626,1727,1577,1196,1083,816,602,559,405
2019-08-03,280,180,95,68,73,186,320,359,552,905,1172,1282,1549,1268,1390,1430,1224,1255,1161,983,849,567,570,484
2019-08-04,330,251,151,112,68,122,144,145,233,437,675,895,1143,1124,1107,1081,1015,990,972,1037,800,602,389,239
2019-08-05,143,89,43,61,122,552,1333,1616,1503,1257,1283,1297,1354,1303,1231,1447,1794,1774,1457,971,723,777,406,230
2019-08-06,131,73,57,54,117,533,1279,1702,1501,1338,1168,1175,1176,1229,1304,1508,1841,1924,1503,1031,636,557,383,241
2019-08-07,128,81,62,54,98,513,1329,1687,1584,1144,1099,1141,1203,1259,1325,1495,1849,1878,1589,1042,760,605,464,265
2019-08-08,137,80,58,71,112,533,1345,1653,1443,1251,1179,1199,1227,1356,1293,1513,1731,1806,1561,1114,751,628,467,331
2019-08-09,169,83,57,64,121,511,1237,1463,1377,1237,1220,1197,1385,1498,1647,1775,1581,1560,1363,1083,701,541,487,361
2019-08-10,243,169,108,82,91,210,299,401,520,773,949,1136,1200,1193,1084,1061,1213,1218,1178,976,791,486,495,414
2019-08-11,327,222,163,112,86,125,128,137,281,485,708,959,899,1018,1118,1027,950,1116,996,766,660,494,374,234
2019-08-12,123,101,39,54,106,553,1317,1602,1558,1194,1128,1058,1151,1230,1239,1455,1616,1664,1408,961,723,534,414,219
2019-08-13,120,73,43,52,112,515,1286,1587,1527,1250,1115,1091,1171,1270,1342,1516,1743,1775,1404,1068,775,638,429,242
2019-08-14,140,81,42,72,115,528,1324,1625,1329,1201,1175,1179,1131,1261,1318,1470,1666,1764,1381,808,755,584,451,257
2019-08-15,131,77,54,64,114,539,1216,1571,1541,1178,1061,1113,1179,1337,1385,1443,1745,1636,1442,950,727,543,468,239
2019-08-16,149,97,46,63,111,500,1190,1511,1364,1149,1115,1135,1317,1450,1503,1536,1411,1405,1312,936,550,580,483,405
2019-08-17,278,180,86,61,75,184,283,351,453,761,926,972,1076,1077,1193,1107,1062,1089,1057,896,710,546,481,426
2019-08-18,336,235,119,87,69,110,108,121,186,422,650,768,984,917,1092,1017,960,922,837,758,704,492,403,238
2019-08-19,138,81,54,59,112,534,1273,1610,1525,1194,1211,1113,1095,1293,1301,1429,1435,1669,1474,913,639,510,370,228
2019-08-20,120,67,48,61,107,536,1300,1656,1547,1197,1185,1025,1093,1334,1214,1459,1656,1728,1398,970,741,576,412,223
2019-08-21,94,62,47,53,109,516,1309,1563,1493,1188,1083,996,1139,1245,1352,1313,1300,984,940,986,821,641,445,274
2019-08-22,163,68,38,60,109,539,1324,1554,1542,1240,1088,1060,1149,1265,1258,1367,1583,1556,1402,1059,729,595,435,334
2019-08-23,163,86,46,59,114,515,1205,1446,1333,1113,1094,1017,1063,1362,1539,1492,1438,1344,1245,981,734,538,508,381
2019-08-24,270,154,111,71,73,207,321,370,541,726,990,972,1033,1140,1168,1088,1008,1044,1050,833,718,585,470,491
2019-08-25,384,273,125,96,65,115,136,120,216,423,621,733,1011,959,912,1036,845,915,893,866,623,556,434,303
2019-08-26,356,204,61,65,112,554,1281,1603,1585,1206,1048,1001,1001,1109,1116,1321,1614,1616,1261,859,645,521,363,192
2019-08-27,118,65,44,60,125,518,1261,1587,1468,1221,1045,1011,1002,1100,1126,1352,1567,1560,1355,975,643,575,390,252
2019-08-28,185,118,47,24,49,285,851,1448,1333,1038,1012,1059,1192,1258,1235,1491,1818,1867,1545,1169,863,618,498,356
2019-08-29,199,123,47,25,53,310,884,1558,1334,1070,999,1064,1162,1222,1248,1529,1899,1919,1608,1242,864,646,561,397
2019-08-30,206,135,63,31,49,297,844,1408,1263,1034,1023,1154,1308,1390,1491,1597,1709,1627,1432,1177,912,655,557,468
2019-08-31,367,294,164,118,115,180,257,359,559,745,894,1049,1196,1280,1258,1190,1228,948,857,758,646,549,523,537
2019-09-01,303,248,121,105,69,117,125,136,211,367,496,650,706,788,497,1027,966,1186,1205,913,760,549,413,311
2019-09-02,151,84,56,54,101,520,1276,1667,1493,1288,1188,1179,1206,1316,1255,1564,1785,1764,1418,1000,745,582,420,265
2019-09-03,131,69,47,56,105,512,1316,1594,1647,1276,1014,983,1109,1263,1237,1504,1810,1673,1466,1095,868,732,471,314
2019-09-04,128,69,55,58,115,491,1309,1569,1605,1243,1164,1079,1139,1274,1305,1470,1953,1861,1436,1034,813,610,474,327
2019-09-05,135,82,72,59,114,507,1255,1627,1542,1207,1048,1149,1170,1372,1486,1806,1895,1847,1534,1069,769,653,475,295
2019-09-06,135,93,60,68,111,486,1248,1541,1544,1155,1185,1318,1478,1708,1817,1769,1788,1779,1502,1238,879,692,666,482
2019-09-07,302,191,102,70,65,176,294,358,664,763,965,1084,1293,1200,1304,1223,1212,1169,1166,1006,855,577,540,511
2019-09-08,414,251,146,118,104,122,113,154,212,402,531,674,870,877,1088,1075,852,1073,1007,804,613,529,427,283
2019-09-09,152,69,45,59,103,541,1347,1679,1637,1332,1311,1164,1196,1318,1370,1459,1794,1770,1521,1088,777,572,407,226
2019-09-10,125,67,49,59,101,513,1356,1625,1510,1229,1110,975,1128,1272,1259,1423,1698,1794,1652,1091,884,603,472,251
2019-09-11,114,74,39,63,109,507,1361,1628,1581,1279,1122,1094,1147,1475,1608,1738,1788,1740,1511,1094,839,655,513,319
2019-09-12,116,65,30,59,100,517,1341,1638,1569,1220,1232,1165,1280,1373,1421,1571,1903,1789,1591,1102,950,743,488,283
2019-09-13,152,75,56,64,116,507,1273,1614,1588,1176,1118,1211,1434,1703,1616,2078,1784,1714,1474,1121,835,722,538,422
2019-09-14,271,169,114,95,79,192,315,446,792,1063,1320,1397,1467,1485,1280,1305,1333,1260,1225,1066,885,573,519,440
2019-09-15,339,225,151,106,88,123,142,170,277,494,787,1034,1381,1607,1517,1279,1285,1350,1223,1128,944,706,383,189
2019-09-16,92,68,40,55,118,525,1500,1361,1353,1216,1105,1058,1134,1271,1346,1480,1603,1657,1431,1106,697,542,502,247
2019-09-17,102,61,42,54,104,537,1442,1652,1477,1288,1116,1059,1136,1303,1465,1602,1935,1799,1598,1095,813,579,410,269
2019-09-18,96,52,47,63,111,527,1412,1579,1522,1277,1218,1163,1150,1428,1469,1563,1969,1827,1506,1133,878,632,432,245
2019-09-19,113,73,46,48,115,519,1432,1574,1572,1273,1197,1150,1211,1324,1435,1726,1786,1736,1540,1193,866,654,454,277
2019-09-20,142,86,44,66,103,492,1310,1575,1474,1369,1226,1223,1427,1648,1666,1872,1768,1855,1468,1260,874,642,789,453
2019-09-21,300,151,96,72,96,233,322,491,747,919,1075,1252,1298,1376,1630,1353,1308,1257,1244,1085,916,638,565,584
2019-09-22,319,232,147,112,103,150,123,158,265,531,916,1069,1049,1110,1164,1022,1084,1130,1188,848,697,527,371,193
2019-09-23,98,39,48,46,120,518,1344,1586,1431,1509,1184,1148,1316,1467,1414,1588,1769,1951,1564,1028,721,584,364,247
2019-09-24,119,66,48,48,110,515,1374,1546,1479,1243,1145,1120,1174,1342,1417,1651,1824,1808,1552,1034,756,686,431,233
2019-09-25,109,43,45,46,106,489,1446,1514,1492,1260,1196,1150,1210,1438,1384,1700,1968,1801,1543,1049,770,657,445,245
2019-09-26,105,59,53,60,114,486,1384,1558,1540,1286,1131,1257,1292,1423,1493,1749,1888,1832,1642,1290,846,806,650,301
2019-09-27,138,72,54,68,107,467,1382,1626,1460,1253,1359,1450,1502,1600,1824,1781,1827,1651,1699,1333,1035,729,590,417
2019-09-28,269,180,95,88,85,187,320,485,868,1087,1437,1466,1584,1485,1439,1535,1439,1346,1308,1122,876,623,597,483
2019-09-29,321,203,150,118,90,123,130,138,223,438,780,1221,1340,1402,1410,1512,1136,1202,1147,961,698,532,357,192
2019-09-30,99,59,46,52,111,506,1423,1393,1333,1177,1231,1301,1394,1539,1577,1673,1937,1796,1645,1126,789,678,402,210
2019-10-01,114,56,39,64,111,515,1446,1448,1273,1156,1393,1316,1429,1493,1593,1477,1748,1920,1609,1190,892,608,428,227
2019-10-02,101,54,46,60,101,482,1361,1512,1402,1244,1295,1281,1419,1602,1672,1789,1931,1732,1543,1306,1063,824,593,436
2019-10-03,294,196,131,99,88,137,151,161,232,650,1074,1137,1654,1230,1196,1170,921,924,868,774,655,514,460,297
2019-10-04,143,91,60,73,102,315,804,1063,1101,1067,1148,1245,1559,1336,1624,1587,1676,1671,1525,1114,848,622,631,387
2019-10-05,249,159,98,69,66,195,302,360,562,792,1158,1175,1230,1297,1325,1452,1427,1483,1344,1095,799,526,699,480
2019-10-06,290,201,154,117,90,118,142,125,213,442,497,1099,1183,1057,1330,1233,1243,1334,1487,964,807,734,465,205
2019-10-07,108,58,49,59,111,532,1506,1533,1350,1309,1405,1434,1512,1380,1542,1708,1837,1810,1691,1339,898,734,475,256
2019-10-08,113,71,42,61,108,529,1456,1450,1333,1226,1153,1126,1299,1505,1546,1619,1777,1806,1527,1185,823,673,505,224
2019-10-09,109,55,52,51,118,515,1431,1413,1336,1259,1267,1165,1491,1544,1549,1564,1676,1876,1665,1249,801,669,449,257
2019-10-10,90,73,53,60,110,541,1382,1427,1456,1450,1376,1352,1479,1675,1565,1659,1783,1876,1765,1201,913,663,563,294
2019-10-11,148,83,64,63,106,525,1335,1514,1360,1258,1428,1539,1463,1855,1690,1575,1348,1512,1572,1384,924,655,659,641
2019-10-12,303,170,117,68,81,189,362,448,705,1117,1637,1601,1427,1427,1648,1385,1567,1671,1436,1077,875,650,724,498
2019-10-13,371,253,149,103,95,144,135,138,243,494,929,1095,1395,1510,1575,1443,1422,1445,1420,1160,938,529,406,192
2019-10-14,102,73,44,61,110,545,1474,1529,1133,1222,1063,1110,1228,1370,1399,1769,1814,1866,1703,1194,770,614,411,207
2019-10-15,130,76,39,62,119,562,1470,1411,1298,1319,1336,1314,1432,1593,1452,1684,1783,1711,1581,1104,776,688,571,291
2019-10-16,111,55,41,53,114,530,1498,1521,1322,1312,1282,1262,1406,1518,1421,1750,1958,1814,1839,1376,881,690,480,278
2019-10-17,138,73,51,67,110,572,1487,1402,1401,1400,1402,1342,1428,1592,1560,1738,1721,1743,1560,1222,821,639,532,482
2019-10-18,155,80,49,76,110,529,1391,1549,1399,1166,1254,1515,1504,1462,1625,1720,1834,1843,1698,1328,859,633,862,547
2019-10-19,349,196,128,90,71,198,346,454,709,950,1201,1413,1537,1596,1532,1467,1493,1345,1345,995,762,557,630,477
2019-10-20,356,284,151,97,84,141,134,125,252,405,582,836,1222,1323,1443,1407,1255,1278,1335,999,826,561,465,214
2019-10-21,90,48,43,53,116,551,1508,1564,1276,1414,1293,1352,1265,1368,1501,1739,1641,1891,1436,1089,687,598,359,233
2019-10-22,98,58,49,54,116,553,1510,1476,1343,1372,1350,1423,1528,1561,1601,1877,1789,1753,1694,1140,756,701,445,246
2019-10-23,108,56,39,60,99,546,1492,1580,1517,1308,1236,1125,1229,1511,1539,1653,1899,1922,1520,1171,811,712,535,270
2019-10-24,112,75,41,68,107,515,1514,1552,1381,1367,1424,1322,1372,1605,1559,1722,1966,1824,1655,1265,824,653,487,303
2019-10-25,165,84,58,56,112,514,1368,1545,1333,1373,1368,1455,1567,1746,1746,1799,1803,1746,1591,1191,790,638,752,527
2019-10-26,371,214,140,97,74,158,332,438,650,967,1250,1390,1748,1617,1665,1410,1211,1304,1248,956,774,575,698,798
2019-10-27,472,341,379,85,57,112,128,154,267,548,719,869,1116,1247,1306,1253,1243,1158,1115,1224,755,483,351,214
2019-10-28,104,61,41,52,119,534,1467,1641,1425,1367,1249,1293,1424,1510,1437,1640,1741,1784,1627,1128,717,552,348,200
2019-10-29,103,59,48,49,127,579,1566,1423,1316,1294,1335,1319,1400,1152,1411,1577,1786,1871,1702,1174,750,590,554,240
2019-10-30,131,64,44,58,115,526,1429,1476,1426,1201,1156,1302,1256,1572,1467,1764,1813,1825,1712,1333,786,641,499,257
2019-10-31,142,73,47,55,109,501,1384,1474,1466,1256,1245,1362,1471,1518,1647,1827,1892,1701,1716,1312,925,744,463,437
2019-11-01,306,241,143,120,109,176,176,163,208,393,594,729,937,953,1013,1041,995,1073,952,757,614,457,582,414
2019-11-02,389,304,184,138,127,188,257,363,576,756,918,1072,1213,1302,1272,1205,1243,958,872,769,651,555,532,542
2019-11-03,329,237,149,95,88,118,147,118,203,373,536,798,1518,1506,1677,1490,1535,1264,1058,969,916,702,811,202
2019-11-04,97,66,46,57,108,528,1544,1365,1434,1230,1179,1295,1319,1405,1383,1753,1679,1809,1565,1053,707,661,464,238
2019-11-05,114,53,47,64,117,535,1535,1352,1374,1404,1464,1401,1401,1595,1410,1775,1890,1851,1555,1113,783,629,412,219
2019-11-06,126,63,51,59,111,540,1512,1508,1400,1365,1484,1375,1437,1656,1485,1714,1873,1762,1631,1100,747,693,488,294
2019-11-07,107,58,40,58,115,550,1545,1289,1390,1289,1252,1298,1259,1538,1534,1738,1779,1746,1621,1195,838,896,581,361
2019-11-08,164,69,50,66,130,526,1431,1483,1474,1225,1221,1295,1491,1560,1758,1702,1924,1748,1589,1356,800,649,753,696
2019-11-09,320,171,111,80,75,192,359,452,747,933,1054,1231,1382,1431,1470,1370,1401,1468,1277,947,754,607,770,594
2019-11-10,395,267,150,104,111,124,144,133,206,394,661,800,920,1030,1105,1099,1270,1249,1069,845,658,615,539,281
2019-11-11,93,47,40,51,110,577,1585,1532,1410,1212,1213,1395,1285,1588,1556,1739,1788,1734,1538,1077,735,631,438,267
2019-11-12,97,60,44,54,107,546,1470,1422,1292,1297,1335,1263,1308,1448,1605,1652,1658,1832,1602,1180,846,658,555,381
2019-11-13,128,61,34,49,116,546,1505,1496,1348,1343,1224,1243,1299,1609,1559,1738,1689,1789,1599,1243,721,716,474,237
2019-11-14,126,57,45,64,100,581,1494,1492,1366,1369,1326,1265,1276,1462,1593,1773,1641,1722,1749,1209,731,670,621,352
2019-11-15,175,66,38,58,114,568,1373,1590,1485,1290,1130,1311,1523,1738,1745,1798,1744,1776,1684,1244,807,758,620,533
2019-11-16,312,170,123,82,94,226,325,474,727,847,906,1138,1335,1527,1540,1409,1419,1467,1270,1060,779,544,602,540
2019-11-17,378,267,170,127,118,161,122,121,201,466,596,717,910,1021,1055,1224,1188,1293,1042,1103,693,578,424,230
2019-11-18,96,60,35,62,130,578,1576,1494,1437,1240,1365,1284,1312,1442,1448,1656,1927,1703,1919,1146,706,634,389,198
2019-11-19,137,67,58,51,113,585,1548,1551,1487,1188,1225,1289,1375,1569,1521,1652,1813,1878,1607,1092,820,739,516,258
2019-11-20,146,53,42,57,108,571,1542,1499,1328,1229,1365,1315,1458,1586,1584,1761,1899,1926,1645,1132,824,745,537,263
2019-11-21,156,72,43,63,108,577,1550,1590,1417,1255,1178,1217,1394,1575,1617,1754,1791,1855,1809,1460,991,757,691,347
2019-11-22,148,72,64,58,125,545,1410,1508,1389,1271,1426,1371,1499,1678,1580,1926,1696,1877,1815,1251,823,725,859,527
2019-11-23,392,188,142,95,92,211,338,473,641,914,1105,1285,1326,1506,1445,1437,1560,1494,1396,1087,792,665,837,668
2019-11-24,433,288,178,126,89,148,134,129,267,577,710,874,1058,1110,1286,1383,1391,1365,1304,1202,931,652,404,211
2019-11-25,116,57,46,66,136,613,1602,1446,1438,1268,1341,1364,1384,1487,1537,1685,1932,1980,1579,1047,726,696,378,210
2019-11-26,111,62,46,51,124,581,1556,1541,1416,1368,1399,1255,1355,1575,1535,1831,1118,1395,1648,1164,784,665,459,217
2019-11-27,135,63,49,59,121,580,1456,1489,1481,1438,1332,1275,1545,1567,1586,1766,1664,1786,1647,1266,835,723,531,281
2019-11-28,157,68,45,60,111,591,1496,1456,1385,1439,1299,1436,1447,1591,1594,1758,1793,1720,1787,1337,953,825,646,300
2019-11-29,177,95,53,68,110,550,1406,1506,1457,1339,1408,1380,1651,1649,1870,1759,1814,2029,1685,1300,1016,915,754,754
2019-11-30,401,215,137,104,85,202,366,501,660,968,1167,1302,1450,1535,1674,1610,1447,1528,1353,1124,965,729,618,482
2019-12-01,398,254,214,161,145,165,132,116,209,477,653,858,958,1196,1123,1137,1321,1374,1085,1012,780,561,520,205
2019-12-02,110,76,41,58,112,579,1503,1566,1346,1420,1257,1326,1309,1519,1441,1769,1790,1882,1624,1116,816,710,585,454
2019-12-03,115,62,48,66,96,578,1513,1539,1467,1424,1297,1300,1404,1522,1604,1695,1884,1851,1597,1254,872,804,609,260
2019-12-04,122,56,35,58,98,554,1481,1541,1273,1332,1278,1230,1395,1760,1642,1754,1654,1831,1642,1195,949,938,696,339
2019-12-05,129,67,44,73,107,562,1469,1415,1462,1288,1358,1302,1414,1625,1590,1791,1770,1930,1599,1196,887,818,717,325
2019-12-06,186,84,60,65,123,528,1357,1507,1447,1210,1266,1312,1525,1768,1727,1867,1835,1978,1664,1243,908,895,877,619
2019-12-07,376,239,139,89,73,240,347,512,644,1070,1247,1582,1403,855,845,791,826,843,706,574,464,394,358,319
2019-12-08,239,155,107,97,57,88,86,58,110,208,329,351,432,456,555,634,569,509,444,513,470,365,263,138
2019-12-09,65,45,30,49,100,489,1351,1455,1214,1055,1197,1191,1320,1567,1401,1738,1704,1836,1567,1092,726,632,537,225
2019-12-10,122,77,51,61,118,547,1449,1607,1406,1308,1289,1327,1347,1675,1629,1767,1818,1914,1684,1255,907,778,578,283
2019-12-11,156,57,51,61,119,563,1511,1550,1383,1255,1228,1249,1339,1468,1531,1566,1739,1792,1572,1154,904,732,632,580
2019-12-12,169,85,60,65,105,581,1463,1548,1442,1238,1337,1357,1483,1591,1629,1682,1749,1935,1646,1214,846,808,605,422
2019-12-13,206,90,70,90,118,520,1303,1488,1403,1273,1223,1318,1553,1706,1701,1810,1782,1781,1515,1243,931,823,927,707
2019-12-14,396,284,193,118,114,223,323,408,620,904,1296,1417,1444,1460,1496,1422,1575,1615,1341,1098,850,684,629,541
2019-12-15,395,333,179,134,110,140,110,110,182,397,574,800,1012,989,1153,1172,1151,1103,914,785,703,554,367,205
2019-12-16,102,68,39,55,116,567,1430,1540,1463,1273,1329,1348,1374,1544,1488,1725,1830,1859,1729,1193,831,640,475,233
2019-12-17,107,51,42,57,101,555,1465,1529,1523,1325,1293,1329,1479,1578,1648,1734,1824,1950,1618,1250,898,750,577,301
2019-12-18,127,64,46,71,106,522,1343,1552,1508,1188,1048,984,1226,1661,1665,1769,1823,1863,1686,1269,966,776,527,339
2019-12-19,180,75,45,44,92,399,844,1169,1193,1102,942,1204,1118,1567,1655,1406,1307,1262,1318,922,839,645,387,352
2019-12-20,225,117,75,53,113,441,1131,1467,1386,1244,1314,1249,1366,1462,1399,1137,1337,1450,1268,790,838,513,478,510
2019-12-21,416,242,161,122,112,225,248,567,816,976,1147,1410,1415,1512,1585,1536,1604,1502,1285,1030,948,662,734,540
2019-12-22,411,269,170,119,89,160,135,108,177,340,656,866,958,1001,1248,1130,1077,974,746,868,619,556,496,241
2019-12-23,124,100,58,66,90,284,576,834,855,942,1122,1228,1410,1415,1441,1518,1530,1414,1252,1019,787,542,458,266
2019-12-24,199,132,83,89,81,186,304,347,428,577,655,765,929,1038,1057,865,782,664,449,270,335,411,384,420
2019-12-25,231,137,71,54,51,101,109,70,107,250,441,760,900,943,854,776,752,834,623,555,481,531,446,359
2019-12-26,195,112,86,62,68,116,98,77,127,203,624,987,1085,1029,1061,905,1096,993,854,620,590,528,616,265
2019-12-27,151,112,62,51,89,254,452,566,616,860,955,974,927,1193,955,1180,1261,1515,1283,1025,718,546,573,349
2019-12-28,270,173,111,68,84,159,212,386,424,763,851,1117,1370,1315,1393,1406,1322,1223,1079,875,693,505,714,397
2019-12-29,268,180,144,95,78,112,121,94,156,259,434,777,803,988,1183,1184,928,1074,791,606,461,426,362,232
2019-12-30,143,93,60,49,82,241,494,615,666,840,959,1148,1356,1392,1471,1573,1543,1470,1401,1026,776,521,514,473
2019-12-31,237,113,53,50,60,152,239,327,365,571,568,745,742,709,855,762,735,672,744,593,379,418,403,317
2023-01-01,165,386,317,260,165,151,150,85,66,145,243,415,644,771,806,744,753,915,658,494,407,337,208,175
2023-01-02,98,63,43,67,99,450,806,1203,996,820,966,1180,1071,1128,1461,1541,1445,1514,1067,792,525,424,351,183
2023-01-03,118,64,48,72,94,487,781,1254,1192,951,943,990,1285,1235,1747,1485,1554,1650,1188,891,612,452,395,206
2023-01-04,115,65,58,67,96,495,814,1236,1150,1008,919,1148,1117,1269,1461,1479,1675,1668,1319,933,553,459,693,240
2023-01-05,145,68,63,65,87,509,795,1163,1137,1084,1030,1055,1136,1261,1397,1499,1693,1674,1375,969,665,560,566,298
2023-01-06,201,121,81,67,55,151,157,169,231,384,429,632,745,911,1076,1105,1134,1147,1009,819,631,479,460,349
2023-01-07,255,155,90,81,73,182,197,242,396,692,867,1064,1212,1388,1423,1351,1302,1271,1195,928,778,540,478,355
2023-01-08,328,229,162,139,96,131,113,109,162,334,466,631,736,898,1046,939,1150,1075,835,680,562,416,295,194
2023-01-09,94,56,40,73,97,616,1379,2101,1912,1349,1177,1054,1146,1399,1451,1686,1961,1910,1446,891,580,486,428,213
2023-01-10,101,58,39,72,111,627,1560,2288,2084,1359,1064,1103,1196,1544,1457,1795,1982,2041,1513,942,662,561,377,225
2023-01-11,103,63,58,65,95,580,1441,2103,2037,1380,1155,1142,1225,1487,1508,1793,1983,2083,1476,1020,674,581,395,241
2023-01-12,125,59,39,64,118,632,1413,2185,1963,1344,1174,1232,1277,1511,1510,1790,2089,2105,1570,997,699,559,551,282
2023-01-13,137,84,49,63,108,563,1280,1958,1812,1257,1140,1175,1407,1601,1737,1874,1766,1820,1409,996,718,645,784,511
2023-01-14,309,152,104,85,89,249,265,409,588,797,1029,1076,1192,1442,1476,1277,1573,1428,1300,1036,745,565,530,533
2023-01-15,367,241,154,152,86,126,126,117,179,360,546,705,883,984,1118,1063,955,1021,884,729,610,440,387,189
2023-01-16,87,50,37,72,94,624,1469,2190,1884,1396,1267,1092,1153,1393,1394,1716,2066,2039,1492,910,626,498,412,211
2023-01-17,110,39,47,71,106,615,1472,2494,2366,1576,1183,1158,1239,1583,1460,1843,2232,2130,1611,1075,697,636,434,355
2023-01-18,109,57,49,55,110,588,1424,2305,2188,1463,1182,1146,1262,1522,1452,1828,2178,2244,1640,1124,746,624,518,225
2023-01-19,130,53,43,66,104,624,1478,2192,2154,1405,1202,1100,1394,1472,1558,1923,2250,2299,1641,1065,699,635,649,364
2023-01-20,141,65,61,81,128,584,1333,1996,1777,1326,1253,1225,1440,1736,1804,2121,1821,1927,1477,1066,675,545,734,501
2023-01-21,290,165,86,72,89,231,336,293,521,677,875,1048,1157,1280,1276,1223,1230,1200,1150,875,693,556,687,386
2023-01-22,298,201,147,94,81,138,128,110,194,387,577,776,833,937,1103,1050,1109,937,827,685,662,505,286,184
2023-01-23,86,60,36,57,113,589,1462,2148,1859,1400,1143,1095,1275,1416,1430,1693,2085,2059,1534,922,610,515,370,201
2023-01-24,88,58,50,84,101,615,1466,2275,1608,1451,1167,1093,1264,1514,1474,1832,2283,2115,1532,953,632,589,585,290
2023-01-25,121,63,36,70,127,595,1480,2332,2012,1395,1193,1135,1280,1492,1608,1884,2208,2045,1655,982,682,549,493,238
2023-01-26,147,58,38,74,135,590,1401,2228,1929,1382,1190,1195,1201,1500,1530,1757,2095,2096,1589,1075,739,706,666,294
2023-01-27,156,81,47,75,127,566,1327,1974,1634,1265,1197,1391,1490,1682,1616,1861,1800,1713,1483,1122,746,766,623,448
2023-01-28,250,199,94,83,96,238,297,395,618,831,1018,1163,1359,1474,1520,1425,1368,1364,1288,1054,798,631,576,452
2023-01-29,361,280,203,181,109,136,134,131,230,402,632,819,863,1084,1119,1124,968,1108,972,823,627,487,491,384
2023-01-30,114,46,41,67,103,573,1430,2043,1712,1343,1155,1141,1193,1415,1430,1689,1733,1795,1588,1002,652,527,413,236
2023-01-31,114,62,49,73,107,602,1443,2261,1947,1502,1192,1129,1270,1494,1596,1691,1942,1900,1764,1022,741,538,399,231
2023-02-01,120,50,62,68,119,605,1425,2201,2090,1391,1209,1172,1321,1527,1571,1799,1965,1975,1659,1049,654,620,455,293
2023-02-02,137,62,57,81,113,616,1431,2174,2012,1374,1178,1162,1280,1501,1561,1791,2191,2177,1623,1143,722,623,541,260
2023-02-03,135,67,64,82,117,594,1303,1955,1752,1262,1191,1221,1413,1660,1791,1965,1916,1790,1531,1021,753,684,652,495
2023-02-04,323,199,130,103,99,238,306,410,529,865,1037,1105,1351,1446,1417,1511,1347,1429,1304,1169,1100,703,630,436
2023-02-05,367,257,182,123,89,163,139,130,196,405,542,717,1140,1205,1061,1082,1131,1041,934,847,606,430,349,205
2023-02-06,107,48,50,70,101,624,1450,2225,1937,1300,1191,1084,1196,1439,1441,1716,1849,1871,1553,940,636,755,416,210
2023-02-07,102,71,59,79,116,619,1442,2326,1968,1451,1175,1152,1224,1593,1531,1704,2100,2144,1619,971,705,551,489,258
2023-02-08,119,66,44,74,111,602,1429,2264,1983,1350,1164,1080,1255,1707,1628,1745,2012,1939,1617,1053,732,627,530,293
2023-02-09,123,55,52,84,114,619,1412,2142,2051,1270,1160,1130,1288,1506,1525,1740,1984,1946,1614,1110,692,611,516,261
2023-02-10,126,65,56,90,125,537,1248,1934,1669,1295,1151,1288,1446,1561,1724,1819,1772,1730,1395,1078,745,642,578,427
2023-02-11,288,182,86,89,74,200,324,404,650,900,1058,1236,1554,1566,1642,1430,1365,1524,1191,954,759,592,709,427
2023-02-12,307,194,149,105,82,156,130,124,199,415,602,725,902,1080,1041,947,1078,1135,915,765,637,514,307,197
2023-02-13,106,48,51,70,148,595,1388,2135,1768,1378,1157,1133,1291,1463,1616,1681,1908,1808,1531,970,615,504,366,226
2023-02-14,93,73,61,80,114,612,1438,2259,2153,1374,1151,1141,1228,1394,1522,1782,1994,2079,1670,1095,820,682,574,310
2023-02-15,136,63,58,71,116,623,1416,2095,2020,1382,1208,1098,1307,1483,1476,1707,2033,2073,1516,1044,755,601,616,300
2023-02-16,144,66,61,85,107,627,1369,2201,1925,1287,1243,1127,1321,1450,1586,1815,1915,1865,1683,1031,685,574,441,269
2023-02-17,189,90,64,88,108,578,1323,1922,1602,1293,1146,1284,1449,1629,1824,1824,2004,1769,1382,1030,695,617,713,424
2023-02-18,259,186,125,94,73,239,342,443,613,878,1006,1117,1721,1861,1322,1320,1325,1236,1148,901,696,503,670,519
2023-02-19,320,197,168,86,95,125,116,123,202,366,585,778,866,960,995,930,1016,1039,994,718,573,420,394,198
2023-02-20,106,62,41,66,108,555,1314,1822,1594,1260,1079,1097,1143,1287,1429,1573,1756,1683,1329,878,663,443,368,230
2023-02-21,132,77,60,84,97,592,1329,1859,1642,1248,1178,1211,1231,1445,1370,1501,1669,1704,1340,888,647,567,584,265
2023-02-22,129,67,71,74,106,604,1387,1963,1825,1314,1202,1157,1246,1383,1399,1652,1867,1815,1455,991,662,529,535,253
2023-02-23,116,66,64,75,107,603,1406,1962,1830,1323,1281,1141,1188,1314,1412,1649,2109,1931,1521,981,680,536,457,283
2023-02-24,135,78,55,76,120,558,1273,1700,1476,1161,1173,1226,1369,1507,1632,1708,1714,1539,1438,1063,790,663,861,474
2023-02-25,308,151,95,81,84,220,308,431,511,875,1233,2095,1614,1498,2041,2034,1611,1734,1536,1025,760,563,500,478
2023-02-26,314,225,154,118,100,165,168,139,210,433,668,772,984,1087,1073,971,942,952,867,839,599,444,447,177
2023-02-27,90,51,43,69,106,604,1395,2292,1850,1207,1059,1095,1195,1388,1457,1749,1844,1832,1458,954,629,480,393,201
2023-02-28,115,69,53,80,102,618,1419,2343,1970,1363,1132,1072,1305,1459,1465,1813,1909,2344,1779,1032,731,611,414,249
2023-03-01,88,67,58,80,120,588,1448,2219,2124,1426,1098,1165,1280,1511,1648,1735,1897,2512,1487,1061,688,616,450,230
2023-03-02,127,57,56,76,98,625,1445,2167,1929,1284,1193,1171,1240,1471,1606,1815,2067,2079,1658,1068,820,722,548,337
2023-03-03,129,80,67,89,112,583,1356,2045,1715,1318,1174,1162,1518,1744,1779,1868,1769,1787,1507,1143,851,669,796,501
2023-03-04,310,176,110,88,84,220,312,436,654,901,1132,1272,1661,2501,2389,1486,1272,1335,1185,962,776,601,706,487
2023-03-05,278,211,142,99,92,149,151,115,244,416,662,828,917,1139,1112,971,907,1009,971,740,521,490,325,196
2023-03-06,124,65,53,82,103,591,1496,2143,1803,1364,1202,1107,1228,1418,1389,1716,1910,1754,1471,963,622,762,509,248
2023-03-07,89,64,35,80,106,576,1482,2277,2050,1373,1170,1142,1312,1381,1466,1678,2021,1904,1546,1047,716,565,499,241
2023-03-08,88,71,38,80,87,588,1462,2206,2013,1428,1266,1177,1242,1534,1502,1753,2049,2174,1555,1024,683,580,470,302
2023-03-09,144,71,44,77,102,627,1458,2172,1892,1416,1208,1474,1331,1551,1535,1953,1997,1794,1677,1132,765,598,462,349
2023-03-10,146,70,69,84,127,546,1322,2026,1642,1254,1118,1208,1435,1626,1885,1885,1787,1844,1416,1013,807,659,624,470
2023-03-11,276,181,113,94,90,203,315,500,694,887,1260,1448,1377,1437,1519,1511,1325,1409,1217,1048,772,594,808,542
2023-03-12,331,226,146,105,87,135,128,98,233,402,563,749,864,964,1138,1030,1028,1068,921,757,667,514,363,212
2023-03-13,100,60,46,75,111,608,1430,2124,1853,1364,1198,1138,1357,1424,1471,1730,1954,1891,1541,1015,566,572,618,240
2023-03-14,141,74,41,77,110,600,1476,2086,1859,1453,1158,1218,1307,1507,1526,1781,2092,1935,1572,972,706,757,720,250
2023-03-15,100,67,48,87,110,590,1459,2169,1855,1307,1211,1208,1374,1523,1532,1838,2106,2009,1606,1003,761,801,465,281
2023-03-16,138,67,58,76,105,615,1403,2192,1992,1404,1238,1161,1423,1639,1720,1998,2011,2232,1694,1089,739,592,509,257
2023-03-17,137,69,69,92,114,571,1346,1955,1719,1335,1128,1307,1534,1712,1821,1997,2013,1669,1529,1153,870,662,625,451
2023-03-18,308,202,122,62,92,214,393,448,660,954,1222,1372,1576,1633,1608,1429,1293,1370,1276,1097,838,639,618,489
2023-03-19,373,242,177,142,94,148,135,147,224,502,673,871,1068,1204,1212,1062,959,1113,917,752,558,504,571,392
2023-03-20,126,71,48,74,112,626,1516,2223,1895,1335,1221,1151,1280,1447,1489,1768,1802,1870,1485,1034,626,531,499,302
2023-03-21,110,62,49,75,98,639,1527,2255,2035,1375,1193,1135,1344,1541,1447,1727,2119,2010,1671,1051,736,666,428,279
2023-03-22,124,78,40,80,102,603,1546,2181,2001,1365,1229,1188,1332,1544,1569,1833,2098,2006,1832,1218,860,752,522,290
2023-03-23,155,77,65,96,153,645,1512,2174,2009,1247,1176,1148,1260,1526,1450,1783,2087,2059,1639,1015,802,828,516,288
2023-03-24,155,73,59,80,113,643,1426,2031,1769,1287,1205,1372,1510,1637,1897,1945,1798,1751,1502,1073,808,656,840,550
2023-03-25,287,186,103,73,87,208,348,484,689,951,1167,1264,1369,1423,1456,1399,1442,1398,1332,974,776,576,491,530
2023-03-26,490,245,0,183,160,176,134,173,218,392,514,745,957,1127,1167,1017,1014,1102,1015,823,697,546,438,279
2023-03-27,123,76,54,86,112,658,1605,2268,1935,1424,1185,1114,1323,1503,1539,1771,1999,2090,1486,1132,667,605,451,259
2023-03-28,121,72,50,86,114,580,1447,2275,2052,1458,1212,1169,1376,1555,1481,1800,2071,2016,1697,1130,747,658,462,317
2023-03-29,113,65,50,97,116,596,1476,2237,1982,1377,1217,1267,1298,1613,1566,1653,2151,2210,1611,1113,715,706,482,318
2023-03-30,152,96,69,84,115,609,1452,2130,2190,1763,1263,1220,1400,1489,1582,1848,2146,2115,1849,1170,803,670,535,318
2023-03-31,138,78,68,98,108,545,1340,1932,1831,1354,1244,1262,1610,1976,1903,2412,2504,2315,1760,1142,807,738,622,511
2023-04-01,307,221,157,98,106,216,405,572,683,890,1494,1486,1318,1714,1591,1452,1435,1302,1273,966,696,616,647,521
2023-04-02,413,260,204,162,127,185,176,174,316,439,630,710,1003,1318,1106,1324,983,1047,890,1015,614,538,420,253
2023-04-03,138,101,58,73,127,593,1370,2068,1855,1360,1207,1230,1320,1445,1488,1702,1945,1923,1506,1072,650,598,437,238
2023-04-04,117,63,63,76,98,604,1450,2062,1960,1372,1338,1294,1447,1675,1573,1721,2000,1956,1715,1190,755,644,427,348
2023-04-05,146,84,54,77,86,565,1454,2017,1894,1371,1323,1329,1346,1474,1554,1747,2002,2066,1558,1134,796,653,530,294
2023-04-06,140,97,65,72,112,564,1334,1806,1616,1328,1348,1342,1483,1603,1507,1949,2227,2100,1937,1282,819,712,1152,462
2023-04-07,256,153,101,66,47,116,173,158,244,433,713,1329,994,1107,1077,1041,814,806,755,673,530,498,389,304
2023-04-08,239,153,99,78,71,178,225,332,431,740,1033,1228,1303,1251,1277,1218,1343,1220,1162,943,629,509,425,374
2023-04-09,263,214,158,109,70,121,118,113,190,408,500,957,1107,936,958,876,778,924,978,794,627,578,397,295
2023-04-10,234,140,101,82,63,133,123,114,205,431,690,942,1126,1113,1229,1156,1194,1115,1137,1160,726,749,396,238
2023-04-11,126,73,50,72,118,551,1309,1929,1745,1259,1131,1228,1278,1381,1508,1629,1924,1947,1515,1011,673,545,397,266
2023-04-12,102,69,60,73,100,558,1264,1890,1758,1264,1076,1124,1239,1350,1427,1728,2025,1979,1460,1058,710,585,463,305
2023-04-13,150,81,51,84,127,577,1366,1863,1749,1325,1171,1171,1282,1347,1429,1894,2068,2078,1663,1011,759,630,544,357
2023-04-14,134,101,60,84,110,534,1258,1620,1547,1264,1188,1223,1347,1842,2017,2152,1889,1728,1554,1159,878,665,589,487
2023-04-15,338,194,113,86,90,199,318,436,627,921,1071,1122,1271,1298,1330,1329,1259,1355,1316,1063,747,600,571,428
2023-04-16,360,270,179,116,88,140,151,122,201,360,541,633,928,941,979,1346,1465,1337,1526,1006,621,503,384,238
2023-04-17,125,73,51,77,116,563,1530,2230,1922,1549,1216,1153,1260,1430,1528,1722,2217,2144,1538,1044,690,566,458,257
2023-04-18,130,74,41,85,118,599,1505,2350,2100,1495,1253,1159,1275,1451,1460,1695,1859,2144,1647,1060,754,622,517,260
2023-04-19,126,70,48,80,127,583,1543,2265,2194,1464,1248,1150,1260,1548,1566,1920,2004,2260,1611,1120,810,619,561,315
2023-04-20,128,88,60,82,125,583,1516,2247,2030,1366,1227,1171,1311,1496,1641,1938,2389,2201,1800,1182,843,662,607,424
2023-04-21,163,89,66,85,131,564,1447,2195,1903,1377,1283,1370,1607,1701,1957,2703,2155,1909,1780,1278,966,767,703,530
2023-04-22,333,197,129,102,100,242,365,511,739,1012,1190,1375,1518,1580,1606,1491,1441,1433,1364,1111,853,647,630,540
2023-04-23,399,263,177,129,101,154,157,167,281,525,761,945,1116,1190,1215,1135,1120,1151,1100,892,737,604,509,325
2023-04-24,138,77,61,81,149,655,1547,2120,1909,1493,1310,1323,1440,1597,1637,1860,2055,2049,1613,1101,751,616,471,276
2023-04-25,138,68,63,83,140,650,1561,2103,1974,1524,1383,1370,1469,1656,1685,1914,2152,2093,1722,1171,822,654,526,314
2023-04-26,165,99,90,114,176,716,1677,2143,1948,1577,1401,1444,1600,1734,1755,2000,2137,2155,1738,1219,888,747,588,332
2023-04-27,157,79,73,79,143,655,1591,2125,1969,1519,1392,1395,1527,1689,1764,2037,2224,2148,1787,1224,881,724,598,352
2023-04-28,171,95,82,96,151,654,1449,2007,1822,1448,1355,1525,1689,1974,2011,2105,2045,1922,1682,1285,947,762,704,523
2023-04-29,395,244,156,124,119,280,414,517,718,990,1291,1497,1563,1640,1626,1547,1525,1463,1422,1210,1028,793,765,658
2023-04-30,413,269,183,133,105,162,162,175,286,544,790,977,1153,1234,1257,1177,1161,1187,1135,927,769,625,525,342
2023-05-01,336,225,156,104,79,156,133,169,281,490,704,991,1106,1215,1322,1196,1215,1287,1329,938,810,601,450,259
2023-05-02,111,63,50,73,128,611,1581,2377,2070,1417,1257,1337,1489,1630,1995,1935,2422,2262,1754,1163,790,594,484,234
2023-05-03,127,60,54,73,100,631,1550,2298,2017,1505,1441,1562,1425,1733,1890,2041,2330,2217,1811,1119,849,924,562,291
2023-05-04,128,73,62,78,109,623,1540,2241,2100,1492,1296,1326,1374,1642,1736,2208,2383,2416,1855,1185,867,732,622,434
2023-05-05,152,101,74,93,116,547,1390,2093,1764,1379,1326,1362,1554,1822,1962,2188,1987,1947,1859,1144,910,789,820,573
2023-05-06,343,193,131,94,110,238,381,549,738,1030,1231,1270,1391,1463,1997,1502,1396,1510,1546,1114,966,690,667,551
2023-05-07,428,265,179,126,98,158,131,149,369,639,783,904,1171,1432,1350,1431,1442,1516,1417,859,602,488,383,263
2023-05-08,109,60,58,76,120,609,1563,2220,1970,1444,1226,1283,1335,1434,1498,1905,2261,2128,1713,1022,751,626,488,289
2023-05-09,133,80,60,80,117,605,1618,2338,2182,1458,1240,1237,1394,1549,1555,1918,2263,2247,1960,1155,809,607,437,278
2023-05-10,119,81,54,71,127,563,1642,2278,2185,1539,1255,1249,1433,1574,1642,1933,2255,2214,1580,1156,843,740,543,338
2023-05-11,149,81,61,80,135,600,1635,2265,2169,1401,1281,1253,1336,1647,1654,2104,2243,2084,1682,1159,837,670,569,346
2023-05-12,155,82,68,88,132,596,1474,2070,1802,1360,1241,1333,1526,1879,1823,1976,2071,1898,1542,1156,888,700,643,564
2023-05-13,334,211,119,91,98,249,418,525,803,1000,1118,1263,1419,1448,1535,1441,1509,1532,1374,1165,880,715,623,561
2023-05-14,417,239,175,123,95,154,155,163,323,615,800,1024,1186,1235,1230,1242,1445,1385,1232,1052,899,708,532,249
2023-05-15,122,79,41,82,107,651,1644,2310,1988,1470,1300,1290,1308,1516,1564,1861,2171,2195,1784,1096,761,615,486,221
2023-05-16,106,62,50,82,89,663,1595,2403,2197,1497,1274,1269,1381,1551,1574,1893,2096,2155,1692,1060,834,657,516,550
2023-05-17,163,70,55,75,113,598,1486,2234,1987,1472,1310,1336,1452,1667,1662,2234,2102,2428,2091,1409,969,760,620,474
2023-05-18,251,165,109,84,82,170,198,199,379,1070,1403,1393,1291,1188,1202,1106,999,1067,970,817,699,542,470,295
2023-05-19,200,95,65,92,93,415,948,1339,1199,1226,1331,1436,1481,1622,1650,1732,1604,1582,1390,1055,749,638,515,386
2023-05-20,268,180,101,94,81,190,370,435,592,943,1122,1275,1377,1401,1428,1292,1194,1200,1232,961,823,668,700,499
2023-05-21,362,275,192,136,104,143,137,197,278,571,829,1198,1063,1179,1330,1536,1183,1386,1085,941,773,576,437,266
2023-05-22,163,65,65,80,139,636,1556,2207,1836,1444,1264,1278,1393,1548,1593,1676,2051,2225,1575,973,695,558,433,233
2023-05-23,109,60,58,85,122,621,1624,2302,2144,1313,1216,1205,1292,1227,1437,1811,2233,2288,1667,1054,794,611,459,286
2023-05-24,133,60,60,77,130,573,1571,2235,2052,1396,1138,1201,1244,1284,1354,1630,2256,2342,1594,1092,792,652,474,284
2023-05-25,134,58,54,72,131,616,1581,2152,1956,1444,1256,1219,1290,1488,1479,1860,2345,2361,1668,1182,831,632,570,336
2023-05-26,198,100,64,97,144,562,1400,1946,1810,1366,1333,1379,1544,1864,1950,2681,2085,2057,1670,1195,889,725,643,533
2023-05-27,351,232,137,99,107,267,410,528,648,899,1110,1299,1499,1456,1449,1369,1259,1172,1185,990,766,677,780,609
2023-05-28,404,266,173,123,84,160,149,120,261,530,745,980,1044,1110,1239,1120,981,958,928,809,657,627,601,605
2023-05-29,314,212,92,78,80,125,172,141,228,501,749,922,1068,1029,1073,985,1023,1050,978,831,758,617,439,259
2023-05-30,164,72,51,74,139,557,1532,2048,1782,1404,1278,1238,1352,1335,1400,1723,1949,1894,1477,1048,709,536,439,296
2023-05-31,133,87,58,85,144,573,1471,1983,1740,1290,1213,1180,1207,1379,1496,1717,2300,2224,1498,956,769,625,455,299
2023-06-01,146,93,53,99,110,581,1454,1865,1826,1246,1234,1129,1281,1354,1425,1675,2048,1890,1507,986,862,711,496,346
2023-06-02,143,95,70,89,105,576,1397,1791,1506,1228,1154,1195,1216,1456,1672,1650,1782,1660,1366,1055,828,709,629,460
2023-06-03,330,193,121,87,89,257,426,519,664,857,1014,1150,1512,1803,1412,1210,1229,1231,1302,1082,1018,736,596,485
2023-06-04,378,222,177,134,74,151,125,142,243,458,711,813,896,921,995,919,844,1008,1042,878,689,631,434,287
2023-06-05,153,63,55,87,123,619,1447,1930,1698,1269,1156,1098,1165,1325,1334,1629,1876,1746,1288,1001,678,569,474,255
2023-06-06,153,92,48,91,112,608,1478,2048,1884,1418,1370,1306,1295,1324,1732,1731,2045,1947,1491,1036,740,624,490,454
2023-06-07,244,79,51,100,118,614,1503,1862,1754,1364,1274,1227,1280,1490,1489,1916,1973,1968,1537,1104,941,668,504,551
2023-06-08,385,175,110,75,74,166,187,175,284,518,737,833,896,938,955,857,755,860,906,736,676,532,433,300
2023-06-09,212,115,65,99,108,422,897,1332,1205,1200,1279,1347,1446,1597,1555,1505,1495,1412,1262,1051,772,619,551,612
2023-06-10,416,220,150,103,107,254,368,450,598,901,1056,1222,1263,1236,1301,1228,1890,1344,1169,968,794,591,607,640
2023-06-11,582,272,173,145,149,157,144,164,258,524,691,828,1337,1134,1195,974,1263,1231,1054,860,724,619,456,494
2023-06-12,246,96,63,106,133,627,1538,2089,2015,1435,1229,1146,1248,1475,1475,1700,2019,1972,1490,967,716,615,447,286
2023-06-13,136,69,59,91,121,658,1617,2241,2119,1452,1285,1236,1338,1545,1600,1889,2274,2251,1622,1039,770,737,599,351
2023-06-14,176,85,60,82,126,626,1599,2172,2116,1460,1299,1224,1392,1921,1717,1918,2213,2181,1600,1096,767,703,490,313
2023-06-15,159,82,53,102,114,627,1618,2191,2077,1466,1271,1272,1330,1493,1847,2043,2281,2120,1643,1069,871,628,706,395
2023-06-16,185,107,58,103,128,626,1444,1950,1602,1317,1236,1223,1533,1674,1768,2029,1992,1869,1527,1173,897,862,634,537
2023-06-17,354,246,153,154,120,242,394,576,729,973,1167,1239,1304,1470,1676,1495,1395,1352,1255,988,895,1068,602,504
2023-06-18,392,284,209,141,98,183,158,151,336,579,726,840,972,980,974,968,974,1013,1109,1027,1154,1127,1335,764
2023-06-19,190,101,41,101,142,647,1628,2188,1967,1400,1155,1307,1217,1545,1449,1743,2102,1992,1394,984,756,576,450,300
2023-06-20,136,74,51,92,145,683,1616,2295,2189,1485,1247,1180,1401,1496,1540,1906,2188,2028,1515,1088,804,619,490,287
2023-06-21,141,71,59,89,143,665,1591,2254,2087,1443,1234,1240,1330,1610,1603,2033,2175,2055,1534,1114,817,836,646,383
2023-06-22,160,94,78,94,135,656,1656,2238,2056,1599,1650,1465,1451,1653,1666,2323,2140,2081,2001,1064,808,658,610,327
2023-06-23,184,95,71,87,123,632,1472,2086,1860,1409,1309,1435,1642,2252,2165,2350,2311,2019,1750,1329,1004,797,729,550
2023-06-24,311,190,122,90,89,228,329,482,680,962,1135,1283,1421,1498,1517,1413,1359,1358,1294,1057,810,605,597,508
2023-06-25,421,281,191,138,108,169,165,179,300,552,818,1009,1196,1281,1303,1215,1204,1239,1184,957,796,645,548,347
2023-06-26,134,78,63,77,142,638,1527,2070,1859,1474,1299,1297,1412,1573,1610,1810,2049,2061,1615,1099,759,613,464,269
2023-06-27,131,61,57,69,139,607,1485,1951,1833,1415,1286,1264,1372,1492,1585,1803,2056,2007,1665,1133,800,625,505,296
2023-06-28,136,77,61,86,134,596,1431,1950,1788,1413,1257,1305,1428,1607,1638,1824,2005,1997,1590,1123,821,685,545,296
2023-06-29,149,76,63,75,130,618,1484,1974,1882,1423,1297,1316,1417,1603,1631,1918,2085,2021,1684,1153,829,677,564,321
2023-06-30,160,96,63,78,148,587,1326,1815,1653,1327,1263,1364,1577,1787,1851,1907,1875,1787,1556,1184,896,704,658,484
2023-07-01,280,196,127,110,81,224,303,414,541,724,989,1158,998,1007,1010,1011,938,1008,920,794,627,568,526,540
2023-07-02,397,270,175,109,91,140,139,139,260,470,604,719,831,880,900,894,894,879,912,685,620,656,513,294
2023-07-03,147,76,51,81,106,431,899,1177,903,724,809,802,928,1041,1003,1096,1174,1263,980,745,527,445,377,214
2023-07-04,129,59,61,93,95,464,938,1226,1130,963,872,860,829,901,930,1098,1233,1194,1047,748,610,486,417,229
2023-07-05,105,50,49,77,97,451,857,1163,1145,857,764,788,844,853,1385,2036,2607,2205,1808,1069,842,741,606,379
2023-07-06,188,104,65,86,127,608,1604,2256,2078,1477,1344,1315,1491,1592,1627,1989,2302,2118,1724,1088,836,758,565,371
2023-07-07,201,119,68,94,140,572,1438,1907,1876,1454,1320,1322,1638,1811,1884,2150,2000,1874,1636,1111,832,793,704,556
2023-07-08,377,228,145,108,97,211,382,540,726,1007,1194,1253,1431,1425,1412,1319,1407,1374,1416,1357,1204,885,665,606
2023-07-09,439,295,180,133,107,170,134,188,334,548,731,840,953,1047,978,941,944,1008,1040,913,857,715,549,322
2023-07-10,180,92,64,89,138,675,1577,2162,1948,1431,1321,1390,1463,1512,1523,1828,2032,2003,1520,1016,753,626,513,287
2023-07-11,147,82,54,82,118,655,1648,2274,2095,1422,1273,1266,1404,1873,1847,1899,2101,2123,1637,1088,850,620,502,305
2023-07-12,112,67,63,78,123,644,1561,2322,2139,1467,1331,1387,1437,1589,1717,1921,2188,2365,1647,1091,856,785,640,323
2023-07-13,152,89,76,96,123,640,1537,1925,2062,1872,1428,1441,1485,1688,1852,2067,2332,2156,1757,1201,910,719,660,426
2023-07-14,197,91,84,86,120,579,1479,1954,1798,1407,1319,1377,1758,2305,2550,2447,2649,1953,1563,1124,899,830,735,577
2023-07-15,422,269,187,101,100,245,396,530,852,1187,1480,1609,1607,1460,1566,1417,1346,1399,1267,1079,871,710,696,560
2023-07-16,453,256,192,123,97,167,154,166,352,660,882,1333,1121,1102,1443,1318,1438,1532,1349,1040,852,682,559,262
2023-07-17,157,68,69,73,137,642,1592,2179,1880,1532,1290,1357,1662,1659,1729,1922,2228,2405,1691,1034,787,644,477,250
2023-07-18,145,69,65,84,141,660,1577,2257,2145,1576,1391,1415,1484,1605,1745,1935,2148,2264,1674,1123,827,706,540,308
2023-07-19,139,71,54,91,129,618,1594,2272,2073,1593,1353,1275,1509,1638,1790,1992,2095,2182,1654,1141,891,743,583,361
2023-07-20,154,83,60,84,129,671,1614,2124,1860,1657,1313,1292,1490,1872,1871,2148,2377,2307,1858,1284,932,776,697,399
2023-07-21,202,94,67,88,140,607,1458,1922,1751,1461,1429,1759,1772,2292,2183,2286,2595,2845,2800,2230,1192,837,784,679
2023-07-22,517,367,203,150,142,273,428,477,744,1087,1371,1637,1854,1469,1453,1542,1385,1534,1770,1430,953,746,667,675
2023-07-23,496,321,202,160,88,173,158,176,290,573,791,1112,1156,1363,1200,1504,1291,1175,1126,907,756,586,410,271
2023-07-24,150,97,61,71,124,619,1559,2062,1828,1387,1250,1245,1401,1511,1515,1952,2222,2161,1535,1047,731,577,490,265
2023-07-25,154,69,55,75,130,594,1563,2197,2200,1448,1320,1256,1502,1646,1588,2069,2286,2369,1842,1049,777,657,490,257
2023-07-26,125,73,58,68,120,604,1526,2153,2012,1445,1241,1405,1510,1640,1666,2010,2153,2236,1786,1130,824,738,567,333
2023-07-27,167,93,54,79,130,597,1504,2015,1923,1373,1292,1338,1377,1582,1764,2074,2108,2257,1681,1145,864,770,607,362
2023-07-28,185,83,64,91,119,573,1325,1699,1602,1326,1309,1397,1601,1678,1866,1956,2106,1785,1589,1170,978,766,658,506
2023-07-29,358,213,130,88,79,227,384,421,567,808,1028,1150,1283,1594,1673,1489,1472,1472,1397,1175,893,734,715,577
2023-07-30,405,273,181,144,101,141,151,135,276,481,739,997,1205,1229,1367,1094,1107,1108,1073,969,813,567,454,253
2023-07-31,147,74,65,63,110,567,1358,1963,1813,1326,1222,1232,1324,1333,1417,1731,2012,1988,1536,1013,703,528,443,257
2023-08-01,122,72,54,74,102,571,1396,1990,2074,1318,1169,1179,1277,1520,1576,1801,2071,2095,1621,1004,763,601,478,296
2023-08-02,137,76,61,60,106,578,1351,1917,1805,1272,1161,1138,1290,1392,1508,1743,1968,2017,1525,1040,776,596,536,293
2023-08-03,141,83,58,79,97,591,1417,1886,1806,1303,1151,1156,1263,1394,1479,1744,2119,2044,1568,1053,789,647,491,314
2023-08-04,167,70,68,70,110,523,1303,1658,1432,1228,1209,1222,1387,1504,1666,1736,1805,1684,1469,1071,850,647,564,482
2023-08-05,346,205,108,92,108,228,362,406,560,875,1175,1840,1313,1291,1182,1192,1266,1255,1279,1168,853,693,612,509
2023-08-06,400,298,170,118,80,122,149,146,275,392,647,1086,1152,1341,1181,1234,1014,1319,1113,920,681,529,404,252
2023-08-07,140,66,70,59,114,590,1333,1810,1712,1235,1184,1094,1282,1356,1477,1666,1882,1861,1412,959,677,520,436,272
2023-08-08,142,56,61,74,129,556,1493,1935,1785,1218,1330,1212,1341,1337,1492,1718,1988,2048,1556,944,752,582,402,242
2023-08-09,128,81,65,69,113,531,1358,1837,1828,1262,1184,1163,1263,1356,1432,1665,1935,2224,1444,1010,734,611,486,281
2023-08-10,132,68,61,75,99,552,1363,1815,1643,1316,1290,1244,1285,1384,1443,1798,2060,1985,1566,1109,819,673,529,296
2023-08-11,149,100,58,82,120,523,1213,1528,1419,1244,1153,1267,1453,1496,1881,1985,1672,1625,1368,1042,817,664,587,417
2023-08-12,302,194,120,82,82,205,324,416,511,752,1020,1086,1117,1140,1328,1093,1145,1095,1016,922,843,662,528,392
2023-08-13,313,187,184,120,83,151,125,131,186,433,681,811,936,1014,1065,1022,1023,1066,935,799,703,569,421,200
2023-08-14,117,86,49,72,115,557,1337,1711,1542,1179,1106,1181,1331,1256,1389,1621,1864,1674,1341,878,665,507,407,244
2023-08-15,128,69,57,76,117,541,1390,1812,1725,1294,1207,1218,1217,1326,1418,1581,1906,1838,1439,882,675,603,422,257
2023-08-16,125,69,62,56,109,561,1362,1817,1669,1295,1170,1236,1187,1359,1416,1596,1954,1787,1456,969,725,561,413,242
2023-08-17,138,70,56,71,123,581,1349,1747,1620,1214,1164,1178,1218,1323,1467,1707,1994,1924,1478,956,773,623,501,301
2023-08-18,181,83,60,80,121,511,1224,1538,1337,1172,1166,1230,1387,1462,1397,1513,1508,1621,1810,1172,807,699,525,415
2023-08-19,329,196,123,73,79,189,322,413,532,810,1056,1161,1361,1201,1190,1186,1101,1088,1117,994,748,620,460,461
2023-08-20,294,242,129,108,79,146,141,161,253,466,654,806,1041,1066,969,971,799,927,926,772,678,606,434,261
2023-08-21,160,95,71,66,119,555,1364,1743,1551,1176,1103,1089,1073,1173,1269,1435,1787,1641,1276,817,652,599,445,240
2023-08-22,151,93,67,75,128,607,1439,1846,1701,1286,1123,1126,1139,1209,1296,1494,1802,1732,1347,851,671,597,458,236
2023-08-23,142,84,58,77,131,576,1397,1837,1663,1249,1119,1055,1148,1299,1390,1583,2067,1968,1671,1095,751,694,550,337
2023-08-24,241,95,62,82,118,580,1342,1782,1591,1183,1204,1114,1139,1299,1345,1594,1834,1837,1306,991,714,646,475,348
2023-08-25,173,80,52,83,126,513,1125,1382,1337,1050,1041,1172,1408,1553,1613,1688,1581,1555,1279,1028,741,678,722,470
2023-08-26,310,194,134,119,95,205,344,359,582,793,935,1156,1444,1289,1339,1317,1170,1194,1121,1015,795,639,607,551
2023-08-27,363,238,162,102,104,140,140,132,223,448,682,805,942,1086,1019,1012,956,1017,1030,970,854,645,499,250
2023-08-28,123,82,65,71,129,556,1393,1857,1605,1239,1135,1134,1211,1263,1366,1588,1843,1741,1415,914,622,533,415,266
2023-08-29,145,71,73,82,119,557,1371,1916,1723,1225,1106,1140,1182,1269,1449,1624,2003,1969,1499,963,722,584,483,291
2023-08-30,145,84,52,86,128,572,1433,1902,1762,1450,1447,1228,1261,1375,1547,1721,2175,1995,1604,1037,827,630,551,328
2023-08-31,162,83,76,80,136,552,1420,1884,1723,1272,1226,1323,1294,1389,1579,1857,2549,2008,1625,1070,804,654,737,352
2023-09-01,148,90,79,88,139,532,1281,1724,1563,1247,1245,1265,1288,1462,1641,2013,2041,1600,1381,1064,901,726,615,467
2023-09-02,301,223,127,107,96,207,332,426,598,861,1386,1398,1892,1422,1580,1469,1251,1389,1490,1307,1305,1034,671,539
2023-09-03,367,263,188,139,100,147,152,164,256,501,759,1058,1342,1236,1263,1134,1420,1419,1502,1222,866,613,441,292
2023-09-04,129,71,52,69,113,605,1479,2039,2199,1730,1393,1174,1182,1294,1421,1744,2140,1878,1516,897,757,583,484,262
2023-09-05,147,88,48,78,113,576,1481,2019,1881,1407,1370,1287,1246,1465,1673,2214,2344,2198,1627,1137,803,681,562,299
2023-09-06,143,73,67,63,106,569,1456,2145,1868,1314,1421,1306,1298,1466,1607,1926,2091,2095,1786,1126,763,696,540,355
2023-09-07,159,85,67,75,120,593,1467,2137,2012,1617,1566,1373,1419,1489,1688,2089,1985,2162,1581,1110,839,647,691,568
2023-09-08,327,142,73,78,118,517,1356,1772,1752,1320,1454,1321,1667,1653,1617,1470,1592,2177,1434,1207,999,696,674,589
2023-09-09,378,255,145,96,100,212,360,469,645,1045,1656,1332,1660,1413,1423,1338,1392,1331,1276,1065,948,781,740,580
2023-09-10,420,284,197,136,96,154,161,185,328,631,849,1165,1392,1159,1159,1176,1073,1174,1219,1047,798,680,512,307
2023-09-11,140,109,73,78,142,612,1473,2400,2099,1439,1237,1228,1295,1539,1567,1876,2129,2037,1568,1004,753,591,420,241
2023-09-12,109,62,45,88,131,585,1552,2389,2071,1347,1370,1456,1499,1562,1684,1818,1744,1983,1724,1060,796,632,452,236
2023-09-13,116,78,41,91,124,586,1535,2329,2267,1541,1167,1530,1404,1506,1654,2009,2277,2275,1863,1101,827,728,599,267
2023-09-14,163,93,59,89,117,604,1530,2314,2087,1424,1282,1279,1372,1616,1781,2008,2432,2222,2019,1202,863,744,571,286
2023-09-15,159,90,65,76,134,550,1415,1998,1865,1371,1288,1409,1606,1796,2232,2100,2713,2536,1530,1143,888,833,643,507
2023-09-16,417,278,177,125,111,255,417,608,875,1130,1266,1528,1820,1607,1545,1468,1394,1399,1381,1139,919,649,607,575
2023-09-17,474,313,204,132,106,144,161,182,314,611,1363,1246,1219,1630,1347,1196,1240,1242,1276,1113,872,729,548,254
2023-09-18,111,89,40,84,133,612,1519,2262,2153,1441,1360,1303,1688,1652,1643,1958,2419,1997,1509,1082,705,676,463,232
2023-09-19,127,84,49,75,122,584,1564,2357,2162,1696,1351,1270,1277,1642,1918,1957,2384,2158,1630,1140,825,599,486,204
2023-09-20,128,63,51,67,113,602,1524,2305,2203,1872,1735,1548,1464,1548,1706,2019,2248,2392,1728,1108,860,672,509,225
2023-09-21,159,59,75,74,120,576,1526,2224,2139,1426,1265,1239,1364,1510,1829,2104,2377,2312,1718,1153,920,733,561,308
2023-09-22,134,79,69,90,128,538,1340,2033,1732,1425,1221,1375,1567,1855,1953,2285,2055,2123,1469,1229,1027,913,769,490
2023-09-23,314,198,122,78,109,193,341,509,724,1024,1234,1428,1541,1552,1560,1498,1440,1567,1560,1257,960,751,829,681
2023-09-24,442,261,171,135,94,136,139,188,291,623,816,994,1115,1714,2480,2248,2215,1810,1508,1323,946,605,408,208
2023-09-25,129,60,64,86,130,619,1491,2206,2087,1750,1456,1380,1455,1587,1768,2032,2219,2142,1626,1133,772,663,438,197
2023-09-26,126,55,52,66,135,585,1514,2429,2152,1656,1363,1326,1415,1623,1743,2227,2335,2448,2029,1128,832,740,475,246
2023-09-27,118,54,68,75,114,586,1593,2316,2124,1585,1359,1363,1491,1699,1793,2125,2283,2132,1831,1150,835,719,532,327
2023-09-28,142,85,81,82,133,611,1591,2267,2100,1535,1429,1389,1504,1780,1933,2500,2215,2417,1778,1264,933,846,612,351
2023-09-29,219,102,81,87,137,588,1407,1969,1892,1435,1780,1519,1903,1978,2225,2179,2530,2449,1931,1254,1108,901,860,566
2023-09-30,323,234,142,121,106,230,366,626,852,1049,1326,1547,1711,1894,1833,1769,1763,1618,1413,1278,951,803,714,558
2023-10-01,402,254,179,137,127,144,139,177,330,554,945,1220,1376,1386,1462,1385,1458,1799,1532,1232,886,719,550,273
2023-10-02,154,73,67,74,137,427,969,1544,1389,1228,1443,1404,1467,1577,2071,2185,1901,2035,1569,1272,963,692,555,417
2023-10-03,273,180,109,116,80,178,187,183,284,552,851,1017,1097,1130,1242,1261,1247,1463,1544,912,753,868,448,275
2023-10-04,93,58,59,58,141,610,1592,2354,2184,1522,1300,1236,1439,1571,1664,1994,2274,2348,1741,1101,817,680,472,245
2023-10-05,124,63,68,77,133,605,1551,2322,2155,1443,1328,1268,1398,1648,1766,2086,2329,2268,1782,1268,914,700,615,287
2023-10-06,123,67,67,87,130,566,1483,2057,1879,1339,1306,1372,1658,1860,1950,2060,2180,2009,1798,1263,961,764,710,566
2023-10-07,330,205,166,102,98,214,355,486,765,1048,1274,1460,1510,1621,1573,1450,1724,1652,1535,1241,988,799,696,635
2023-10-08,419,310,166,119,94,148,178,166,303,559,846,1045,1082,1226,1258,1233,1328,1368,1285,1384,876,649,447,258
2023-10-09,132,63,58,69,144,660,1592,2331,2043,1730,1371,1391,1348,1508,1615,1872,2212,2115,1581,1036,770,615,459,232
2023-10-10,129,62,65,70,117,631,1613,2376,2385,1539,1304,1267,1452,1561,1731,1919,2279,2288,1796,1176,824,638,470,268
2023-10-11,136,63,57,75,127,612,1578,2323,2061,1586,1563,1425,1465,1712,1628,2004,2198,2180,1704,1176,776,746,692,342
2023-10-12,177,91,71,88,156,627,1541,2336,2123,1618,1434,1311,1460,1666,1762,2121,2106,2199,1738,1152,836,743,603,533
2023-10-13,208,100,74,88,131,601,1492,2025,1884,1449,1348,1379,2156,1945,2250,2149,2216,2219,1789,1196,928,838,695,608
2023-10-14,328,233,149,105,119,221,348,561,748,1084,1277,1398,1593,1674,1675,1646,1785,1650,1623,1255,911,717,856,745
2023-10-15,429,316,164,135,104,157,156,163,302,591,887,1066,1253,1361,1432,1315,1480,1580,1201,965,753,589,461,220
2023-10-16,109,53,48,65,125,654,1519,2276,2137,1482,1347,1279,1405,1585,1685,1890,2210,2392,1679,1119,683,626,645,251
2023-10-17,123,53,57,70,114,610,1601,2402,2235,1554,1412,1378,1417,1551,1858,1976,2346,2353,1704,1138,790,692,520,236
2023-10-18,125,53,63,61,124,606,1468,2355,2172,1486,1377,1504,1372,1698,1765,1961,2422,2166,1675,1110,805,662,520,223
2023-10-19,155,73,65,82,134,586,1556,2305,2222,1539,1334,1415,1460,1647,1738,1968,2227,2228,1763,1241,807,674,542,293
2023-10-20,178,88,69,92,140,569,1370,2075,1836,1366,1403,1347,1575,1806,1887,2158,1933,1991,1583,1226,857,939,936,606
2023-10-21,360,196,136,116,108,247,331,509,775,1035,1289,1673,1675,2064,1656,1699,1626,1596,1494,1219,1019,659,766,622
2023-10-22,480,289,163,149,114,171,139,161,273,615,828,988,1267,1290,1306,1747,1417,1476,1408,1010,797,539,386,224
2023-10-23,128,53,55,64,124,632,1578,2320,2112,1546,1431,1613,1545,1718,1680,1897,2325,1998,1523,986,696,625,427,260
2023-10-24,114,57,43,58,137,588,1623,2082,1800,1764,1339,1240,1469,1676,1579,1374,1871,2335,1777,1087,756,614,449,236
2023-10-25,139,52,49,66,130,590,1520,2376,2157,1530,1518,1281,1545,1702,1794,2074,2294,2125,1628,1252,705,675,620,666
2023-10-26,180,82,63,67,126,600,1546,2332,2106,1381,1337,1297,1446,1593,1733,1969,2500,2326,2195,1201,800,738,562,320
2023-10-27,157,85,76,67,126,542,1431,2014,1789,1419,1309,1364,1636,2174,1980,2162,2236,1894,1583,1213,876,704,774,890
2023-10-28,471,292,170,117,93,259,382,531,738,1013,1161,1319,1443,1579,1650,1471,1389,1503,1325,1079,858,796,751,617
2023-10-29,533,353,241,106,102,163,169,146,287,566,696,895,1025,1077,1177,1095,1142,1148,1019,1100,1003,516,385,254
2023-10-30,117,60,49,67,117,590,1580,2171,1907,1399,1334,1260,1411,1491,1489,1836,2042,1993,1555,994,681,545,458,248
2023-10-31,124,63,49,83,129,588,1470,2113,1831,1360,1245,1252,1408,1579,1664,1937,2301,2092,1594,1144,812,670,876,502
2023-11-01,375,313,195,157,137,217,230,240,289,491,812,914,1145,1103,1236,1219,1184,1300,963,878,657,566,416,230
2023-11-02,127,56,52,76,125,574,1440,2052,2045,1484,1286,1260,1357,1504,1623,1947,2163,2170,1554,1048,788,647,465,276
2023-11-03,169,75,60,83,109,526,1368,1867,1635,1335,1296,1395,1520,1677,1749,2279,1976,2111,1576,1121,788,652,588,533
2023-11-04,366,198,135,132,117,253,396,521,658,970,1175,1420,1472,1523,1832,1634,1582,1494,1352,1081,836,680,606,678
2023-11-05,424,282,199,144,144,188,170,222,301,528,722,870,1015,1061,1237,1480,1492,1429,1125,951,767,497,444,218
2023-11-06,119,60,59,56,134,652,1654,2438,2153,1461,1272,1276,1319,1609,1476,1905,2418,2120,1557,990,722,669,480,239
2023-11-07,133,58,59,69,118,613,1674,2536,1947,1523,1303,1270,1346,1516,1654,1959,2414,2178,1740,1112,722,626,453,210
2023-11-08,134,63,50,78,142,628,1587,2532,2196,1517,1272,1217,1487,1632,1905,2310,2342,2277,1573,1096,792,729,447,255
2023-11-09,160,75,51,78,132,634,1580,2434,2100,1542,1374,1395,1485,1641,1735,2247,2427,2310,1851,1166,900,841,587,312
2023-11-10,163,58,61,80,147,584,1410,2143,1862,1272,1257,1379,1756,2029,2054,2037,2464,2255,1594,1092,824,666,659,638
2023-11-11,335,224,125,102,114,227,394,585,816,1037,1241,1424,1558,1590,1551,1595,1602,1576,1477,1132,919,750,717,605
2023-11-12,409,264,174,105,85,151,156,147,272,577,738,914,973,1197,1255,1296,1615,1455,998,852,702,525,508,219
2023-11-13,109,58,45,58,134,666,1622,2266,2055,1567,1223,1240,1464,2002,1784,1914,2370,2148,1544,969,679,625,425,221
2023-11-14,118,48,55,68,136,633,1645,2540,2232,1529,1341,1376,1500,1551,1780,2049,2469,2227,1692,1147,737,715,517,272
2023-11-15,114,68,58,73,145,625,1635,2449,2154,1563,1352,1337,1591,2335,1832,2113,2230,2593,1943,1148,807,719,584,292
2023-11-16,152,62,60,87,134,668,1719,2549,2334,1642,1429,1467,1613,1891,2025,2350,2399,2623,2313,1616,961,817,557,304
2023-11-17,182,97,67,84,134,564,1496,2231,1941,1394,1352,1428,1613,1893,1999,1984,2042,1915,1733,1250,899,802,970,590
2023-11-18,342,249,122,105,110,249,416,582,871,1121,1246,1370,1546,1593,1707,1621,1703,1597,1500,1241,880,714,617,578
2023-11-19,459,310,168,148,107,156,145,145,282,497,731,976,1118,1196,1365,1328,1335,1497,1146,934,795,594,482,282
2023-11-20,109,97,57,75,134,673,1587,2375,2055,1521,1282,1295,1365,1604,1729,2064,2325,2152,1589,1014,733,596,416,240
2023-11-21,117,68,47,65,135,618,1653,2372,2284,1664,1280,1185,1323,1601,1650,1887,2192,2213,1740,1079,775,685,627,263
2023-11-22,142,51,52,66,119,613,1571,2360,2321,1671,1330,1307,1453,1674,1704,1947,2584,2323,1693,1080,765,704,517,278
2023-11-23,124,68,53,73,145,608,1576,2321,2150,1604,1326,1243,1445,1638,1691,1984,2389,2243,1754,1097,812,689,586,320
2023-11-24,149,66,45,70,136,596,1424,2020,1854,1375,1282,1377,1710,1715,1835,1854,1797,1878,1516,1092,910,845,920,545
2023-11-25,335,234,150,107,126,228,387,520,808,974,1115,1367,1431,1574,1521,1538,1523,1588,1379,1087,862,637,556,579
2023-11-26,406,272,218,163,143,206,205,149,294,551,731,862,1051,1052,1295,1858,1324,1759,1295,867,874,715,405,253
2023-11-27,118,51,39,70,133,625,1578,2332,2158,1450,1233,1253,1279,1611,1568,1911,2063,2101,1459,989,675,585,448,222
2023-11-28,118,66,50,73,133,642,1551,2247,2258,1642,1284,1225,1391,1592,1729,1965,2174,2205,1762,1158,776,673,503,230
2023-11-29,113,61,48,89,125,614,1533,2301,2257,1507,1272,1246,1441,1623,1670,1897,2228,2221,1638,1101,768,780,522,308
2023-11-30,154,76,62,77,134,664,1604,2130,1998,1523,1398,1421,1551,1738,1807,2066,2248,2186,1809,1236,888,732,601,352
2023-12-01,159,87,68,80,134,588,1349,1837,1665,1334,1265,1391,1583,1813,1887,1941,1892,1799,1562,1185,896,710,650,490
2023-12-02,328,191,122,92,92,235,356,499,730,1012,1196,1381,1530,1592,1620,1506,1455,1448,1379,1124,863,655,637,546
2023-12-03,406,266,177,129,100,155,159,167,282,530,772,960,1133,1207,1236,1155,1138,1170,1119,907,750,613,516,327
2023-12-04,135,74,54,72,133,618,1474,2022,1813,1405,1228,1241,1354,1507,1555,1782,1982,1989,1567,1071,729,594,454,264
2023-12-05,134,64,56,74,129,642,1556,2101,1965,1504,1359,1349,1447,1644,1679,1918,2173,2124,1751,1191,835,661,531,316
2023-12-06,145,72,62,75,134,646,1550,2105,1940,1518,1360,1415,1554,1711,1770,1983,2165,2163,1722,1215,881,740,588,327
2023-12-07,157,75,64,78,138,680,1642,2181,2046,1560,1431,1455,1589,1779,1850,2115,2302,2238,1852,1265,910,749,614,361
2023-12-08,167,93,72,84,142,615,1409,1920,1742,1396,1325,1454,1654,1893,1969,2024,1972,1874,1625,1234,932,740,677,510
2023-12-09,359,208,132,101,100,255,387,543,793,1096,1295,1496,1655,1722,1753,1630,1574,1567,1492,1216,933,709,689,591
2023-12-10,417,272,183,133,104,160,164,174,291,547,796,989,1168,1244,1274,1190,1174,1205,1153,935,773,632,533,338
2023-12-11,144,79,58,78,143,665,1587,2176,1951,1512,1322,1336,1457,1622,1674,1919,2134,2141,1688,1154,785,640,488,285
2023-12-12,133,63,54,71,125,632,1533,2070,1936,1480,1335,1327,1423,1619,1653,1890,2144,2096,1729,1176,824,653,523,311
2023-12-13,126,62,53,62,112,557,1340,1820,1676,1306,1171,1218,1340,1476,1530,1717,1880,1880,1498,1056,766,643,510,283
2023-12-14,140,66,56,68,120,609,1475,1959,1836,1396,1281,1302,1422,1594,1662,1904,2075,2020,1673,1143,822,676,555,325
2023-12-15,171,95,73,86,145,642,1476,2010,1821,1457,1382,1520,1731,1985,2067,2127,2075,1975,1715,1302,983,779,713,538
2023-12-16,363,209,133,101,101,258,391,549,803,1112,1313,1517,1679,1747,1779,1654,1598,1589,1513,1234,947,719,700,599
2023-12-17,415,272,183,133,104,160,163,173,290,546,795,988,1167,1243,1273,1191,1172,1205,1152,935,772,631,532,337
2023-12-18,142,78,57,78,142,660,1574,2159,1936,1500,1311,1326,1446,1609,1661,1904,2117,2125,1675,1144,779,635,485,283
2023-12-19,148,69,61,81,140,703,1703,2298,2150,1646,1486,1476,1583,1799,1836,2098,2377,2324,1916,1303,914,724,580,346
2023-12-20,158,80,69,83,145,697,1670,2267,2092,1638,1469,1528,1677,1845,1907,2133,2327,2322,1848,1304,945,794,631,352
2023-12-21,163,81,69,84,146,703,1693,2249,2111,1615,1482,1506,1646,1840,1907,2175,2365,2294,1897,1297,932,768,631,371
2023-12-22,169,96,77,91,149,626,1423,1939,1766,1420,1348,1475,1672,1910,1978,2031,1974,1869,1619,1230,928,738,677,509
2023-12-23,396,255,156,136,126,280,426,533,718,1003,1300,1508,1578,1656,1640,1567,1540,1486,1433,1220,1038,801,769,662
2023-12-24,292,193,130,95,75,114,116,123,206,388,561,697,823,877,896,837,826,849,811,657,543,446,375,241
2023-12-25,390,256,173,125,98,149,154,163,274,512,742,922,1089,1160,1186,1108,1092,1123,1074,870,720,590,496,318
2023-12-26,449,295,198,144,113,173,176,187,315,590,856,1063,1256,1339,1369,1278,1260,1296,1240,1004,830,679,572,364
2023-12-27,185,106,91,105,162,697,1558,2096,1984,1550,1442,1473,1535,1648,1725,1957,2215,2137,1671,1180,900,768,648,464
2023-12-28,191,105,74,97,154,726,1480,1852,1817,1422,1347,1333,1387,1499,1601,1807,2013,1963,1614,1101,812,690,558,341
2023-12-29,200,108,84,96,139,567,1206,1534,1482,1247,1270,1330,1485,1634,1741,1761,1730,1549,1346,1083,825,684,605,468
2023-12-30,357,230,140,122,113,251,383,479,645,902,1168,1356,1419,1490,1475,1410,1385,1336,1288,1097,934,720,693,595
2023-12-31,250,164,109,80,63,96,99,104,175,329,478,593,701,747,764,714,703,723,692,560,463,380,319,204
