,MV
2021-02-06,Winterferien
2021-02-07,Winterferien
2021-02-08,Winterferien
2021-02-09,Winterferien
2021-02-10,Winterferien
2021-02-11,Winterferien
2021-02-12,Winterferien
2021-02-13,Winterferien
2021-02-14,Winterferien
2021-02-15,Winterferien
2021-02-16,Winterferien
2021-02-17,Winterferien
2021-02-18,Winterferien
2021-02-19,Winterferien
2021-03-29,Osterferien
2021-03-30,Osterferien
2021-03-31,Osterferien
2021-04-01,Osterferien
2021-04-02,Osterferien
2021-04-03,Osterferien
2021-04-04,Osterferien
2021-04-05,Osterferien
2021-04-06,Osterferien
2021-04-07,Osterferien
2021-05-14,Pfingstferien
2021-05-21,Pfingstferien
2021-05-22,Pfingstferien
2021-05-23,Pfingstferien
2021-05-24,Pfingstferien
2021-05-25,Pfingstferien
2021-06-21,Sommerferien
2021-06-22,Sommerferien
2021-06-23,Sommerferien
2021-06-24,Sommerferien
2021-06-25,Sommerferien
2021-06-26,Sommerferien
2021-06-27,Sommerferien
2021-06-28,Sommerferien
2021-06-29,Sommerferien
2021-06-30,Sommerferien
2021-07-01,Sommerferien
2021-07-02,Sommerferien
2021-07-03,Sommerferien
2021-07-04,Sommerferien
2021-07-05,Sommerferien
2021-07-06,Sommerferien
2021-07-07,Sommerferien
2021-07-08,Sommerferien
2021-07-09,Sommerferien
2021-07-10,Sommerferien
2021-07-11,Sommerferien
2021-07-12,Sommerferien
2021-07-13,Sommerferien
2021-07-14,Sommerferien
2021-07-15,Sommerferien
2021-07-16,Sommerferien
2021-07-17,Sommerferien
2021-07-18,Sommerferien
2021-07-19,Sommerferien
2021-07-20,Sommerferien
2021-07-21,Sommerferien
2021-07-22,Sommerferien
2021-07-23,Sommerferien
2021-07-24,Sommerferien
2021-07-25,Sommerferien
2021-07-26,Sommerferien
2021-07-27,Sommerferien
2021-07-28,Sommerferien
2021-07-29,Sommerferien
2021-07-30,Sommerferien
2021-07-31,Sommerferien
2021-10-02,Herbstferien
2021-10-03,Herbstferien
2021-10-04,Herbstferien
2021-10-05,Herbstferien
2021-10-06,Herbstferien
2021-10-07,Herbstferien
2021-10-08,Herbstferien
2021-10-09,Herbstferien
2021-11-01,Herbstferien
2021-12-22,Weihnachtsferien
2021-12-23,Weihnachtsferien
2021-12-24,Weihnachtsferien
2021-12-25,Weihnachtsferien
2021-12-26,Weihnachtsferien
2021-12-27,Weihnachtsferien
2021-12-28,Weihnachtsferien
2021-12-29,Weihnachtsferien
2021-12-30,Weihnachtsferien
2021-12-31,Weihnachtsferien
